Hip,Distance UT,DistanceGO,Time UT,Time GO,Stride Frequency UT,Stride Frequency GO,Stride Length UT,Stride Length GO,diff,,,,,
1,205,205,10.3,11.8,2.5,2.65,6.43,6.55,0.12,,,,,
2,205,205,10,11,,2.37,,6.49,,,,,,
3,205,205,,,,,,,,,,,,
4,205,205,10,10.3,2.34,2.75,6.97,7.24,0.27,,,,,
5,205,205,,,,,,,,,,,,
6,205,205,10,10.2,2.93,2.29,6.99,7.2,0.21,,,,,
7,205,205,10.1,10.9,2.88,2.6,7.04,7.22,0.18,,,,,
8,205,205,10,10.4,2.49,2.58,6.64,6.85,1.01,,,,,
9,404.32,205,21.3,11.8,2.8,2.67,6.78,6.5,-0.28,,,,,
10,205,205,10,10.3,2.42,2.28,6.79,7.17,0.38,,,,,
11,205,205,10,10.3,2.55,2.56,6.5,6.51,0.01,,,,,
12,404.32,205,21.2,11.8,2.7,2.52,7.06,6.9,-0.16,,,,,
13,205,205,10.4,11.8,2.77,2.6,7.12,6.67,-0.45,,,,,
14,205,205,10.2,11.1,2.34,2.27,6.83,6.67,-0.16,,,,,
15,205,205,9.4,10.8,2.91,2.72,7.5,6.97,-0.53,,,,,
16,205,205,,,,,,,,,,,,
17,205,205,10,10.3,2.37,2.33,6.91,7.03,0.12,,,,,
18,205,205,,,,,,,,,,,,
19,205,205,,,,,,,,,,,,
20,205,205,10.2,11,2.37,2.28,6.77,6.71,-0.06,,,,,
21,205,205,,,,,,,,,,,,
22,205,205,,,,,,,,,,,,
23,205,205,10.2,11,2.82,2.65,7.11,7.03,-0.08,,,,,
24,205,205,,,,,,,,,,,,
25,205,205,9.4,10.9,2.46,2.3,7.13,6.71,-0.42,,,,,
26,205,205,10,10.3,2.92,2.7,7.03,7.38,0.35,,,,,
27,205,205,10,10.4,2.37,2.75,6.91,7.18,0.27,,,,,
28,205,205,10.1,10.9,2.55,2.44,6.43,6.39,-0.04,,,,,
29,205,205,10.4,11.6,2.34,2.75,6.7,6.43,-0.27,,,,,
30,205,205,10.4,11.8,2.92,2.72,6.76,6.38,-0.38,,,,,
31,205,205,10.1,11,2.37,2.27,6.84,6.73,-0.11,,,,,
32,205,205,10,10.4,2.58,2.52,6.44,6.52,0.08,,,,,
33,205,205,10,10.4,2.46,2.44,6.7,6.7,0.00,,,,,
34,404.32,205,23,12.2,2.63,2.54,6.68,6.62,-0.06,,,,,
35,205,205,10.2,11,2.37,2.41,6.77,6.41,-0.36,,,,,
36,205,205,,,,,,,,,,,,
37,205,205,,,,,,,,,,,,
38,205,205,10.3,11.1,2.37,2.72,6.71,6.78,0.07,,,,,
39,205,205,10.1,10.3,2.42,2.36,6.72,6.97,0.25,,,,,
40,205,205,10,11.1,2.37,2.32,6.91,6.54,-0.37,,,,,
41,205,205,,,,,,,,,,,,
42,205,205,,,,,,,,,,,,
43,205,205,10.2,11,2.78,2.62,7.24,7.1,-0.14,,,,,
44,205,205,,,,,,,,,,,,
45,205,205,10.2,11,2.91,2.75,6.91,6.77,-0.14,,,,,
46,205,205,,,,,,,,,,,,
47,205,205,10.2,11.1,2.34,2.75,6.83,6.72,-0.11,,,,,
48,404.32,205,21.1,11.3,2.88,2.27,6.65,6.55,-0.10,,,,,
49,205,205,10.2,10.9,2.93,2.38,6.85,6.53,-0.32,,,,,
50,205,205,10,10.3,2.4,2.7,6.83,7.38,0.55,,,,,
51,205,205,,,,,,,,,,,,
52,205,205,,,,,,,,,,,,
53,205,205,10.1,10.9,2.49,2.38,6.58,6.53,-0.05,,,,,
54,205,205,10,10.4,2.66,2.52,6.29,6.52,0.23,,,,,
55,205,205,10,10.4,2.93,2.72,6.99,7.25,0.26,,,,,
56,404.32,205,20.4,11.8,2.88,2.28,6.88,6.25,-0.63,,,,,
57,205,205,9.4,10.7,2.49,2.41,7.07,6.59,-0.48,,,,,
58,205,205,10.2,11.8,2.53,2.47,6.43,5.85,-0.58,,,,,
59,404.32,205,21.1,11.3,2.79,2.67,6.86,6.78,-0.08,,,,,
60,205,205,9.4,10.8,2.46,2.41,7.13,6.53,-0.60,,,,,
61,205,205,10.1,11.1,2.39,2.32,6.78,6.54,-0.24,,,,,
62,205,205,,,,,,,,,,,,
63,205,205,10.1,10.3,2.39,2.72,6.78,7.3,0.52,,,,,
64,205,205,10.1,11,2.39,2.75,6.78,6.78,0.00,,,,,
65,205,205,10.1,10.9,2.46,2.3,6.64,6.71,0.07,,,,,
66,205,205,10.1,10.9,2.43,2.28,6.7,6.77,0.07,,,,,
67,205,205,10.3,10.9,2.34,2.75,6.77,6.85,0.08,,,,,
68,205,205,10.2,11.1,2.46,2.36,6.57,6.46,-0.11,,,,,
69,205,205,,,,,,,,,,,,
70,205,205,9.4,10.9,2.66,2.59,6.7,6.09,-0.61,,,,,
71,205,205,9.4,10.8,2.46,2.3,7.13,6.78,-0.35,,,,,
72,205,205,,,,,,,,,,,,
73,205,205,10.2,11.2,2.91,2.65,6.91,6.9,-0.01,,,,,
74,205,205,10.1,10.9,2.67,2.56,6.21,6.15,-0.06,,,,,
75,205,205,10.1,11,2.91,2.32,6.98,6.6,-0.38,,,,,
76,205,205,10.4,11,2.55,2.56,6.25,6.09,-0.16,,,,,
77,205,205,10.1,10.9,2.4,2.3,6.76,6.71,-0.05,,,,,
78,205,205,10,10.4,2.59,2.47,6.42,6.64,0.22,,,,,
79,205,205,,,,,,,,,,,,
80,205,205,9.4,10.9,2.49,2.35,7.07,6.6,-0.47,,,,,
81,205,205,9.4,10.9,2.4,2.65,7.26,7.09,-0.17,,,,,
82,205,205,,,,,,,,,,,,
83,205,205,10.1,10.9,2.4,2.27,6.76,6.79,0.03,,,,,
84,205,205,,,,,,,,,,,,
85,205,205,10,10.4,2.46,2.38,6.7,6.84,0.14,,,,,
86,205,205,9.4,10.8,2.37,2.28,7.35,6.83,-0.52,,,,,
87,205,205,10.1,10.9,2.58,2.53,6.37,6.21,-0.16,,,,,
88,205,205,9.4,10.8,2.88,2.75,7.57,6.91,-0.66,,,,,
89,205,205,10,11,2.43,2.35,6.77,6.54,-0.23,,,,,
90,205,205,,,,,,,,,,,,
91,205,205,,,,,,,,,,,,
92,205,205,10,10.4,2.39,2.3,6.85,7.04,0.19,,,,,
93,205,205,,,,,,,,,,,,
94,205,205,10.2,11.1,2.37,2.3,6.77,6.59,-0.18,,,,,
95,404.32,205,21,10,2.68,2.6,7.18,7,-10.93,,,,,
96,404.32,205,20.3,11.8,2.82,2.62,7.05,6.62,-0.43,,,,,
97,205,205,10.1,11,2.34,2.27,6.9,6.73,-0.17,,,,,
98,205,205,10.1,11,2.53,2.47,6.5,6.28,-0.22,,,,,
99,404.32,205,21.2,11.9,2.91,2.75,6.56,6.27,-0.29,,,,,
100,205,205,10.1,11,2.37,2.75,6.84,6.77,-0.07,,,,,
101,205,205,10,11,2.83,2.63,7.24,7.08,-0.16,,,,,
102,205,205,10.1,11,2.91,2.72,6.98,6.84,-0.14,,,,,
103,205,205,10.1,10.9,2.43,2.32,6.7,6.66,-0.04,,,,,
104,205,205,10,10.4,2.91,2.72,7.05,7.23,0.18,,,,,
105,205,205,,,,,,,,,,,,
106,205,205,10.2,11,2.92,2.58,6.89,7.21,0.32,,,,,
107,404.32,205,21.3,12,2.78,2.67,6.83,6.39,-0.44,,,,,
108,205,205,,,,,,,,,,,,
109,205,205,10.1,11,2.53,2.38,6.5,6.47,-0.03,,,,,
110,205,205,10,10.4,2.55,2.43,6.5,6.72,0.22,,,,,
111,205,205,10.1,10.9,2.46,2.38,6.64,6.53,-0.11,,,,,
112,205,205,10.2,11,2.75,2.61,7.32,7.14,-0.18,,,,,
113,205,205,10.2,11,2.34,2.28,6.83,6.71,-0.12,,,,,
114,205,205,10.2,11,2.72,2.56,7.38,7.29,-0.09,,,,,
115,205,205,10,10.3,2.55,2.47,6.5,6.71,0.21,,,,,
116,205,205,,,,,,,,,,,,
117,205,205,10,11,2.59,2.47,6.42,6.28,-0.14,,,,,
118,205,205,,,,,,,,,,,,
119,205,205,,,,,,,,,,,,
120,205,205,10.1,10.9,2.53,2.38,6.5,6.53,0.03,,,,,
121,404.32,205,22.2,11.9,2.78,2.67,6.56,6.44,-0.12,,,,,
122,205,205,10.3,11.1,2.82,2.65,7.05,6.96,-0.09,,,,,
123,404.32,205,21,10,2.78,2.6,6.93,7,-10.68,,,,,
124,205,205,9.4,10.9,2.42,2.35,7.22,6.6,-0.62,,,,,
125,205,205,10.2,11.1,2.39,2.36,6.71,6.46,-0.25,,,,,
126,205,205,10,10.2,2.42,2.36,6.79,7.03,0.24,,,,,
127,205,205,10.1,11,2.55,2.42,6.43,6.39,-0.04,,,,,
128,205,205,10.4,11.8,2.65,2.48,7.43,7.02,-0.41,,,,,
129,205,205,10,10.4,2.4,2.3,6.83,7.04,0.21,,,,,
130,205,205,10.3,11,2.59,2.5,6.23,6.21,-0.02,,,,,
131,404.32,205,21.1,11.3,2.85,2.75,6.73,6.59,-0.14,,,,,
132,205,205,9.4,10.8,2.88,2.75,7.57,6.89,-0.68,,,,,
133,404.32,205,21.3,11.9,2.7,2.58,7.02,6.68,-0.34,,,,,
134,205,205,,,,,,,,,,,,
135,205,205,9.4,10.7,2.43,2.75,7.2,6.97,-0.23,,,,,
136,205,205,10.1,11.1,2.91,2.72,6.98,6.78,-0.20,,,,,
137,205,205,10.1,10.9,2.34,2.27,6.9,6.79,-0.11,,,,,
138,404.32,205,20.4,11.9,2.42,2.36,6.56,6.03,-0.53,,,,,
139,205,205,9.3,10.8,2.58,2.49,6.92,6.34,-0.58,,,,,
140,205,205,10.2,11.1,2.82,2.7,7.11,6.85,-0.26,,,,,
141,205,205,10.1,12.1,2.5,2.38,6.56,5.88,-0.68,,,,,
142,205,205,10.2,11,2.92,2.27,6.89,6.73,-0.16,,,,,
143,205,205,9.4,10.9,2.53,2.41,6.98,6.47,-0.51,,,,,
144,205,205,,,,,,,,,,,,
145,205,205,10,10.4,2.46,2.36,6.7,6.9,0.20,,,,,
146,404.32,205,21.1,11.2,2.34,2.72,6.52,6.72,0.20,,,,,
147,205,205,10,10.4,2.66,2.5,6.29,6.56,0.27,,,,,
148,205,205,,,,,,,,,,,,
149,205,205,10.1,10.9,2.88,2.28,7.04,6.77,-0.27,,,,,
150,205,205,10,10.4,2.55,2.49,6.5,6.58,0.08,,,,,
151,205,205,,,,,,,,,,,,
152,205,205,10.2,10.9,2.59,2.72,7.75,6.9,-0.85,,,,,
153,205,205,10,10.4,2.37,2.75,6.91,7.18,0.27,,,,,
154,205,205,,,,,,,,,,,,
155,205,205,10.3,11.1,2.49,2.43,6.45,6.3,-0.15,,,,,
156,205,205,10.3,11,2.39,2.32,6.65,6.6,-0.05,,,,,
157,205,205,10,10.4,2.34,2.27,6.97,7.12,0.15,,,,,
158,205,205,10.3,11.7,2.82,2.63,7.05,6.66,-0.39,,,,,
159,205,205,10.2,11.1,2.4,2.3,6.69,6.59,-0.10,,,,,
160,205,205,10.2,11,2.4,2.32,6.69,6.6,-0.09,,,,,
161,205,205,10,10.4,2.34,2.7,6.97,7.31,0.34,,,,,
162,205,205,10.1,11,2.5,2.47,6.56,6.28,-0.28,,,,,
163,205,205,10.1,10.9,2.37,2.75,6.84,6.85,0.01,,,,,
164,205,205,10.1,11.1,2.49,2.38,6.58,6.41,-0.17,,,,,
165,205,205,10,10.3,2.49,2.41,6.64,6.85,0.21,,,,,
166,205,205,,,,,,,,,,,,
167,404.32,205,21.3,11.9,2.75,2.6,6.91,6.62,-0.29,,,,,
168,404.32,205,20.3,11.8,2.93,2.75,6.79,6.31,-0.48,,,,,
169,404.32,205,21.3,12,2.37,2.75,6.4,6.22,-0.18,,,,,
170,205,205,10,10.4,2.42,2.35,6.79,6.92,0.13,,,,,
171,404.32,205,21.3,11.9,2.88,2.65,6.59,6.49,-0.10,,,,,
172,205,205,9.4,10.8,2.46,2.41,7.13,6.53,-0.60,,,,,
173,205,205,10.2,11,2.91,2.3,6.91,6.65,-0.26,,,,,
174,205,205,10.1,11,2.56,2.47,6.41,6.28,-0.13,,,,,
175,205,205,10.1,10.9,,2.38,,6.53,,,,,,
176,205,205,,,,,,,,,,,,
177,205,205,10,10.3,2.5,2.75,6.62,7.22,0.60,,,,,
178,205,205,10,10.3,2.91,2.28,7.05,7.17,0.12,,,,,
179,205,205,9.4,10.7,2.55,2.52,6.91,6.34,-0.57,,,,,
180,205,205,10,10.4,2.46,2.38,6.7,6.84,0.14,,,,,
181,205,205,10,10.4,2.43,2.32,6.77,6.98,0.21,,,,,
182,404.32,205,21.2,11.8,2.68,2.52,7.11,6.9,-0.21,,,,,
183,205,205,10,10.4,2.43,2.32,6.77,6.98,0.21,,,,,
184,404.32,205,21.3,11.9,2.7,2.54,7.02,6.77,-0.25,,,,,
185,205,205,10,10.4,2.46,2.36,6.7,6.9,0.20,,,,,
186,205,205,10.1,11,2.37,2.75,6.84,6.78,-0.06,,,,,
187,205,205,9.4,10.9,2.66,2.53,6.7,6.21,-0.49,,,,,
188,205,205,9.4,10.7,2.63,2.49,6.76,6.4,-0.36,,,,,
189,205,205,10,10.3,2.55,2.47,6.5,6.71,0.21,,,,,
190,205,205,10,10.4,2.46,2.36,6.7,6.9,0.20,,,,,
191,205,205,10.1,10.9,2.86,2.7,7.1,6.96,-0.14,,,,,
192,205,205,9.4,10.9,2.55,2.44,6.91,6.39,-0.52,,,,,
193,205,205,10.1,11,2.77,2.61,7.33,7.14,-0.19,,,,,
194,205,205,10.2,11,2.43,2.35,6.63,6.54,-0.09,,,,,
195,205,205,10.2,11,2.8,2.62,7.18,7.1,-0.08,,,,,
196,205,205,10.2,10.9,2.8,2.72,7.18,6.9,-0.28,,,,,
197,205,205,9.4,10.8,2.46,2.33,7.13,6.7,-0.43,,,,,
198,205,205,10.2,11.1,2.39,2.3,6.71,6.59,-0.12,,,,,
199,205,205,,,,,,,,,,,,
200,205,205,10.3,11.1,2.91,2.75,6.85,6.72,-0.13,,,,,
201,205,205,10,10.3,2.55,2.44,6.5,6.77,0.27,,,,,
202,205,205,10.1,11,2.46,2.36,6.64,6.52,-0.12,,,,,
203,404.32,205,21,11.3,2.86,2.67,6.74,6.78,0.04,,,,,
204,205,205,,,,,,,,,,,,
205,205,205,,,,,,,,,,,,
206,205,205,,,,,,,,,,,,
207,205,205,,,,,,,,,,,,
208,205,205,10.1,11,2.83,2.65,7.16,7.03,-0.13,,,,,
209,205,205,10,10.4,2.49,2.38,6.64,6.84,0.20,,,,,
210,205,205,10,11,2.55,2.36,6.5,6.52,0.02,,,,,
211,205,205,10.1,10.9,2.88,2.29,7.04,6.73,-0.31,,,,,
212,404.32,205,21.4,11.9,2.8,2.62,6.74,6.56,-0.18,,,,,
213,205,205,10.2,11.1,2.91,2.72,6.91,6.78,-0.13,,,,,
214,205,205,,,,,,,,,,,,
215,404.32,205,21.3,11.8,2.78,2.63,6.83,6.6,-0.23,,,,,
216,205,205,10.4,11.7,2.34,2.72,6.7,6.43,-0.27,,,,,
217,205,205,10.2,11.2,2.66,2.56,6.17,5.99,-0.18,,,,,
218,205,205,,,,,,,,,,,,
219,205,205,10.2,11,2.88,2.36,6.97,6.52,-0.45,,,,,
220,205,205,10.1,10.9,2.93,2.75,6.92,6.85,-0.07,,,,,
221,205,205,10,10.4,2.58,2.49,6.44,6.58,0.14,,,,,
222,205,205,10,10.4,2.63,2.56,6.36,6.45,0.09,,,,,
223,404.32,205,21.1,11.9,2.77,2.5,6.92,6.89,-0.03,,,,,
224,205,205,,,,,,,,,,,,
225,205,205,10.1,11.1,2.4,2.3,6.76,6.59,-0.17,,,,,
226,205,205,10.1,11,2.52,2.33,6.52,6.58,0.06,,,,,
227,205,205,10,10.3,2.58,2.52,6.44,6.59,0.15,,,,,
228,205,205,,,,,,,,,,,,
229,404.32,205,21,11.4,2.82,2.56,6.82,7.01,0.19,,,,,
230,205,205,10.2,10.9,2.46,2.38,6.57,6.53,-0.04,,,,,
231,205,205,10,11,2.37,2.3,6.91,6.65,-0.26,,,,,
232,205,205,,,,,,,,,,,,
233,205,205,10.1,10.9,2.86,2.72,7.1,6.9,-0.20,,,,,
234,205,205,10,10.2,2.4,2.42,6.83,6.89,0.06,,,,,
235,205,205,10.2,11.1,2.49,2.42,6.51,6.33,-0.18,,,,,
236,205,205,10.3,11.1,2.37,2.72,6.71,6.78,0.07,,,,,
237,205,205,10,10.4,2.91,2.67,7.05,7.37,0.32,,,,,
238,205,205,10.3,11.1,2.46,2.36,6.51,6.46,-0.05,,,,,
239,205,205,,,,,,,,,,,,
240,205,205,10.1,11,2.86,2.6,7.1,7.16,0.06,,,,,
241,205,205,10.1,11.1,2.34,2.75,6.9,6.72,-0.18,,,,,
242,205,205,10.1,11,2.88,2.27,7.04,6.73,-0.31,,,,,
243,205,205,10.2,11.1,2.63,2.5,6.23,6.15,-0.08,,,,,
244,205,205,10,11,2.66,2.56,6.29,6.09,-0.20,,,,,
245,205,205,10,10.3,2.4,2.3,6.83,7.11,0.28,,,,,
246,205,205,10,10.4,2.82,2.58,7.26,7.63,0.37,,,,,
247,205,205,,,,,,,,,,,,
248,205,205,,,,,,,,,,,,
249,205,205,,,,,,,,,,,,
250,404.32,205,20.4,11.7,2.88,2.7,6.88,6.48,-0.40,,,,,
251,205,205,10.1,11,2.85,2.7,7.12,6.9,-0.22,,,,,
252,205,205,10.3,11.1,2.55,2.47,6.31,6.22,-0.09,,,,,
253,205,205,9.4,10.8,2.93,2.75,7.44,6.91,-0.53,,,,,
254,205,205,,,,,,,,,,,,
255,205,205,9.4,10.8,2.59,2.43,6.83,6.47,-0.36,,,,,
256,205,205,10.1,11,2.37,2.75,6.84,6.78,-0.06,,,,,
257,205,205,10.2,11.1,2.39,2.38,6.71,6.41,-0.30,,,,,
258,205,205,10.1,11,2.55,2.36,6.43,6.52,0.09,,,,,
259,205,205,10.2,11,2.34,2.75,6.83,6.77,-0.06,,,,,
260,205,205,-,,,,,,,,,,,
261,205,205,10,10.3,2.4,2.32,6.83,7.05,0.22,,,,,
262,205,205,10,10.4,2.34,2.75,6.97,7.18,0.21,,,,,
263,205,205,,,,,,,,,,,,
264,205,205,10.1,11.1,2.5,2.75,6.56,6.7,0.14,,,,,
265,205,205,10.1,10.9,2.92,2.65,6.96,7.09,0.13,,,,,
266,205,205,10.1,11,2.34,2.27,6.9,6.73,-0.17,,,,,
267,205,205,10,10.4,2.53,2.44,6.56,6.7,0.14,,,,,
268,205,205,,,,,,,,,,,,
269,205,205,10,10.4,2.46,2.75,6.7,7.16,0.46,,,,,
270,205,205,,,,,,,,,,,,
271,205,205,10.1,10.9,2.91,2.27,6.98,6.79,-0.19,,,,,
272,205,205,9.4,10.9,2.91,2.75,7.5,6.85,-0.65,,,,,
273,205,205,,,,,,,,,,,,
274,205,205,,,,,,,,,,,,
275,205,205,10.3,11.1,2.43,2.33,6.57,6.52,-0.05,,,,,
276,205,205,10.3,11.8,2.37,2.65,6.71,6.55,-0.16,,,,,
277,205,205,10.1,10.9,2.46,2.41,6.64,6.47,-0.17,,,,,
278,205,205,10.1,10.9,2.72,2.7,7.45,6.98,-0.47,,,,,
279,404.32,205,21.2,11.9,2.88,2.7,6.62,6.37,-0.25,,,,,
280,205,205,10.1,11,2.58,2.49,6.37,6.22,-0.15,,,,,
281,205,205,10.3,11.9,2.78,2.67,7.17,6.44,-0.73,,,,,
282,205,205,10.2,11.1,2.46,2.41,6.57,6.35,-0.22,,,,,
283,205,205,10,11,2.4,2.7,6.83,6.9,0.07,,,,,
284,404.32,205,20.1,11.3,2.37,2.7,6.78,6.71,-0.07,,,,,
285,205,205,,,,,,,,,,,,
286,205,205,9.4,10.9,2.59,2.41,6.83,6.47,-0.36,,,,,
287,205,205,9.4,10.8,2.58,2.47,6.85,6.4,-0.45,,,,,
288,205,205,10.2,11.1,2.39,2.41,6.71,6.35,-0.36,,,,,
289,205,205,10.1,10.9,2.46,2.35,6.64,6.6,-0.04,,,,,
290,404.32,205,21.2,11.9,2.8,2.56,6.81,6.74,-0.07,,,,,
291,205,205,,,,,,,,,,,,
292,205,205,10,10.3,2.39,2.35,6.85,6.99,0.14,,,,,
293,404.32,205,20.3,11.8,2.78,2.56,7.17,6.79,-0.38,,,,,
294,404.32,205,20.4,11.8,2.4,2.7,6.6,6.45,-0.15,,,,,
295,205,205,,,,,,,,,,,,
296,205,205,10.1,11,2.55,2.53,6.43,6.15,-0.28,,,,,
297,205,205,10,11,2.55,2.41,6.5,6.41,-0.09,,,,,
298,205,205,10,10.2,2.43,2.38,6.77,6.97,0.20,,,,,
299,404.32,205,20.2,11.9,2.82,2.65,7.09,6.49,-0.60,,,,,
300,205,205,10.1,10.9,2.88,2.72,7.04,6.9,-0.14,,,,,
301,205,205,10,10.2,2.63,2.43,6.36,6.85,0.49,,,,,
302,205,205,9.4,10.9,2.55,2.38,6.91,6.53,-0.38,,,,,
303,205,205,10.3,11.1,2.88,2.68,6.91,6.89,-0.02,,,,,
304,205,205,10.1,11.1,2.66,2.53,6.23,6.09,-0.14,,,,,
305,205,205,10,11,2.58,2.49,6.44,6.22,-0.22,,,,,
306,205,205,,,,,,,,,,,,
307,205,205,10.1,10.9,2.66,2.53,6.23,6.21,-0.02,,,,,
308,205,205,10.1,10.3,2.93,2.3,6.92,7.11,0.19,,,,,
309,404.32,205,21.3,12.8,2.93,2.67,6.47,5.99,-0.48,,,,,
310,205,205,10.1,11,2.46,2.38,6.64,6.47,-0.17,,,,,
311,205,205,,,,,,,,,,,,
312,404.32,205,21.1,11.3,2.53,2.68,6.13,6.77,0.64,,,,,
313,205,205,10,10.4,2.46,2.28,6.7,7.1,0.40,,,,,
314,205,205,10.1,10.9,2.43,2.32,6.7,6.66,-0.04,,,,,
315,205,205,9.4,10.9,2.39,2.75,7.28,6.85,-0.43,,,,,
316,205,205,9.4,10.8,2.39,2.75,7.28,6.91,-0.37,,,,,
317,404.32,205,21,12,2.88,2.65,6.68,6.44,-0.24,,,,,
318,205,205,10,10.4,2.82,2.67,7.26,7.37,0.11,,,,,
319,205,205,10.1,11,2.93,2.3,6.92,6.65,-0.27,,,,,
320,404.32,205,21,11.2,2.72,2.58,7.07,7.08,0.01,,,,,
321,205,205,9.4,10.9,2.55,2.49,6.91,6.28,-0.63,,,,,
322,205,205,10.1,10.9,2.91,2.72,6.98,6.9,-0.08,,,,,
323,205,205,10.2,11,2.86,2.7,7.03,6.9,-0.13,,,,,
324,205,205,,,,,,,,,,,,
325,205,205,10.2,10.9,2.42,2.38,6.65,6.53,-0.12,,,,,
326,205,205,10.1,11.1,2.46,2.37,6.64,6.43,-0.21,,,,,
327,205,205,10,11.1,2.58,2.53,6.44,6.09,-0.35,,,,,
328,205,205,10,10.4,2.49,2.38,6.64,6.84,0.20,,,,,
329,205,205,,,,,,,,,,,,
330,404.32,205,20.4,11.8,2.83,2.7,7,6.43,-0.57,,,,,
331,205,205,10.1,10.9,2.53,2.49,6.5,6.28,-0.22,,,,,
332,205,205,,,,,,,,,,,,
333,205,205,10,11,2.83,2.67,7.24,6.97,-0.27,,,,,
334,205,205,,,,,,,,,,,,
335,205,205,,,,,,,,,,,,
336,205,205,10,11,2.93,2.75,6.99,6.78,-0.21,,,,,
337,205,205,10.1,10.9,2.43,2.36,6.7,6.58,-0.12,,,,,
338,205,205,10.1,11,2.34,2.72,6.9,6.84,-0.06,,,,,
339,205,205,10.2,11.1,2.77,2.62,5.97,5.93,-0.04,,,,,
340,205,205,10.1,11,2.37,2.72,6.84,6.84,0.00,,,,,
341,205,205,10.4,11,2.39,2.42,6.58,6.39,-0.19,,,,,
342,205,205,10.1,11.1,2.43,2.75,6.7,6.72,0.02,,,,,
343,404.32,205,20.4,11.7,2.78,2.65,7.14,6.61,-0.53,,,,,
344,205,205,10.1,11.1,2.66,2.53,6.23,6.09,-0.14,,,,,
345,205,205,10.2,11,2.42,2.32,6.65,6.6,-0.05,,,,,
346,205,205,,,,,,,,,,,,
347,205,205,10,10.3,2.46,2.38,6.7,6.91,0.21,,,,,
348,205,205,,,,,,,,,,,,
349,205,205,10,10.4,2.42,2.75,6.79,7.16,0.37,,,,,
350,404.32,205,21.3,12,2.91,2.7,6.53,6.32,-0.21,,,,,
351,205,205,,,,,,,,,,,,
352,205,205,10.2,11,2.37,2.75,6.77,6.77,0.00,,,,,
353,205,205,10.1,11,2.88,2.7,7.04,6.9,-0.14,,,,,
354,205,205,,,,,,,,,,,,
355,205,205,,,,,,,,,,,,
356,205,205,,,,,,,,,,,,
357,205,205,10.1,11,2.86,2.67,7.1,6.97,-0.13,,,,,
358,205,205,10,11,2.56,2.44,6.48,6.34,-0.14,,,,,
359,205,205,,,,,,,,,,,,
360,205,205,,,,,,,,,,,,
361,205,205,10,10.4,2.46,2.41,6.7,6.78,0.08,,,,,
362,205,205,10,10.4,2.86,2.27,7.18,7.12,-0.06,,,,,
363,205,205,10,10.4,2.86,2.7,7.18,7.31,0.13,,,,,
364,205,205,10.2,11.2,2.49,2.75,6.51,6.66,0.15,,,,,
365,205,205,10.2,11,2.93,2.7,6.85,6.91,0.06,,,,,
366,404.32,205,21.4,11.6,2.77,2.56,6.82,6.89,0.07,,,,,
367,205,205,10,10.4,2.93,2.28,6.99,7.1,0.11,,,,,
368,205,205,10,10.4,2.58,2.47,6.44,6.64,0.20,,,,,
369,404.32,205,21.1,11.9,2.37,2.72,6.46,6.32,-0.14,,,,,
370,205,205,,,,,,,,,,,,
371,205,205,10.1,11.1,2.43,2.75,6.7,6.72,0.02,,,,,
372,205,205,9.3,10.8,2.43,2.72,7.27,6.99,-0.28,,,,,
373,205,205,10.1,10.9,2.86,2.7,7.1,6.98,-0.12,,,,,
374,205,205,,,,,,,,,,,,
375,205,205,10.3,11.1,2.92,2.67,6.83,6.91,0.08,,,,,
376,205,205,,,,,,,,,,,,
377,205,205,,,,,,,,,,,,
378,205,205,10.1,10.9,2.49,2.63,6.58,6.02,-0.56,,,,,
379,205,205,9.4,10.8,2.43,2.27,7.2,6.85,-0.35,,,,,
380,205,205,10,10.3,2.88,2.61,7.11,7.62,0.51,,,,,
381,205,205,,,,,,,,,,,,
382,205,205,,,,,,,,,,,,
383,205,205,,,,,,,,,,,,
384,205,205,10.1,10.9,2.55,2.38,6.43,6.53,0.10,,,,,
385,205,205,10.4,11.8,2.83,2.67,6.96,6.5,-0.46,,,,,
386,404.32,205,21,12,2.34,2.72,6.55,6.27,-0.28,,,,,
387,205,205,10,10.4,2.91,2.67,7.05,7.37,0.32,,,,,
388,205,205,10.2,11,2.86,2.72,7.03,6.84,-0.19,,,,,
389,205,205,10,10.4,2.39,2.28,6.85,7.1,0.25,,,,,
390,205,205,,,,,,,,,,,,
391,205,205,9.3,10.7,2.62,2.52,6.86,6.34,-0.52,,,,,
392,205,205,10,10.4,2.55,2.44,6.5,6.7,0.20,,,,,
393,205,205,10,11,2.55,2.47,6.5,6.28,-0.22,,,,,
394,205,205,10.2,11,2.37,2.28,6.77,6.71,-0.06,,,,,
395,205,205,10.1,10.3,,,,,,,,,,
396,205,205,10,11,2.53,2.36,6.56,6.52,-0.04,,,,,
397,205,205,10.2,11.2,2.91,2.56,6.91,5.99,-0.92,,,,,
398,205,205,10,10.4,2.8,2.65,7.32,7.43,0.11,,,,,
399,205,205,,,,,,,,,,,,
400,205,205,10.4,11.9,2.37,2.75,6.64,6.27,-0.37,,,,,
401,205,205,10.1,11,2.88,2.27,7.04,6.73,-0.31,,,,,
402,205,205,10.1,11,2.42,2.68,6.72,6.95,0.23,,,,,
403,205,205,10.1,11,2.34,2.72,6.9,6.84,-0.06,,,,,
404,205,205,,,,,,,,,,,,
405,205,205,10,10.4,2.42,2.75,6.79,7.16,0.37,,,,,
406,205,205,10,11.1,2.55,2.5,6.5,6.15,-0.35,,,,,
407,205,205,10.1,11,2.88,-0.79,7.04,7,-30.67,,,,,
408,205,205,10,10.3,2.34,2.7,6.97,7.36,0.39,,,,,
409,205,205,10.1,10.9,2.63,2.52,7.71,7.47,-0.24,,,,,
410,205,205,10,10.4,2.55,2.47,6.5,6.64,0.14,,,,,
411,205,205,10.2,11,2.8,2.6,7.18,7.16,-0.02,,,,,
412,205,205,10.1,10.3,2.86,2.72,7.1,7.3,0.20,,,,,
413,205,205,,,,,,,,,,,,
414,205,205,,,,,,,,,,,,
415,205,205,10.1,10.9,,,,,,,,,,
416,205,205,9.4,10.8,2.55,2.44,6.91,6.45,-0.46,,,,,
417,205,205,10.2,11,2.49,2.38,6.51,6.47,-0.04,,,,,
418,205,205,10.2,11,2.37,2.75,6.77,6.77,0.00,,,,,
419,205,205,9.4,10.8,2.43,2.3,7.2,6.78,-0.42,,,,,
420,205,205,,,,,,,,,,,,
421,205,205,,,,,,,,,,,,
422,205,205,10.1,11.1,2.58,2.47,6.37,6.22,-0.15,,,,,
423,205,205,,,,,,,,,,,,
424,205,205,,,,,,,,,,,,
425,205,205,,,,,,,,,,,,
426,205,205,10.2,11,2.63,2.47,6.23,6.28,0.05,,,,,
427,205,205,10.3,11.1,2.7,2.61,7.38,7.07,-0.31,,,,,
428,205,205,10,10.4,2.58,2.43,6.44,6.72,0.28,,,,,
429,205,205,10.2,11,2.72,2.62,7.38,7.1,-0.28,,,,,
430,205,205,11.4,11.8,2.91,2.36,6.19,6.08,-0.11,,,,,
431,205,205,10.2,11.1,2.75,2.49,7.3,6.17,-1.13,,,,,
432,205,205,10.1,11,2.88,2.72,7.04,6.84,-0.20,,,,,
433,404.32,205,20.3,11.8,2.39,2.32,6.65,6.15,-0.50,,,,,
434,205,205,10,10.4,2.86,2.67,7.18,7.37,0.19,,,,,
435,205,205,10.1,11,2.37,2.28,6.84,6.71,-0.13,,,,,
436,205,205,10,10.3,2.34,2.36,6.97,6.97,0.00,,,,,
437,205,205,9.4,10.7,2.37,2.3,7.35,6.84,-0.51,,,,,
438,205,205,10.2,11,2.78,2.65,7.24,7.03,-0.21,,,,,
439,205,205,,,,,,,,,,,,
440,205,205,10,10.3,2.42,2.32,6.79,7.05,0.26,,,,,
441,205,205,,,,,,,,,,,,
442,205,205,10,10.3,2.91,2.67,7.05,7.44,0.39,,,,,
443,205,205,,,,,,,,,,,,
444,404.32,205,21.2,11.9,2.8,2.65,6.81,6.49,-0.32,,,,,
445,205,205,9.4,10.7,2.58,2.41,6.85,6.59,-0.26,,,,,
446,205,205,10,10.4,2.49,2.38,6.64,6.84,0.20,,,,,
447,205,205,,,,,,,,,,,,
448,205,205,10.2,11.1,2.92,2.28,6.89,6.65,-0.24,,,,,
449,205,205,9.4,10.8,2.46,2.27,7.13,6.85,-0.28,,,,,
450,205,205,,,,,,,,,,,,
451,205,205,,,,,,,,,,,,
452,205,205,10.4,11.7,2.46,2.28,6.45,6.31,-0.14,,,,,
453,404.32,205,20.2,11.1,2.8,2.65,7.15,6.96,-0.19,,,,,
454,205,205,,,,,,,,,,,,
455,205,205,10,10.4,2.91,2.72,7.05,7.23,0.18,,,,,
456,205,205,10.2,11.1,2.91,2.3,6.91,6.59,-0.32,,,,,
457,205,205,,,,,,,,,,,,
458,205,205,10.1,11.1,2.37,2.28,6.84,6.65,-0.19,,,,,
459,205,205,10,10.4,2.43,2.72,6.77,7.23,0.46,,,,,
460,205,205,,,,,,,,,,,,
461,205,205,10.1,11,2.88,2.7,7.04,6.91,-0.13,,,,,
462,205,205,10,10.4,2.49,2.44,6.64,6.7,0.06,,,,,
463,205,205,10.1,10.9,2.49,2.27,6.58,6.79,0.21,,,,,
464,205,205,10.1,10.9,2.37,2.3,6.84,6.71,-0.13,,,,,
465,205,205,10.2,11,2.34,2.7,6.83,6.91,0.08,,,,,
466,205,205,9.4,10.7,2.43,2.27,7.2,6.92,-0.28,,,,,
467,205,205,10,11,2.58,2.47,6.44,6.28,-0.16,,,,,
468,205,205,10.1,10.9,2.52,2.36,6.52,6.58,0.06,,,,,
469,205,205,,,,,,,,,,,,
470,205,205,,,,,,,,,,,,
471,404.32,205,21.4,11.9,2.8,2.65,6.74,6.49,-0.25,,,,,
472,404.32,205,21,11.1,2.85,2.7,6.76,6.85,0.09,,,,,
473,205,205,10.2,11.1,2.34,2.3,6.83,6.59,-0.24,,,,,
474,205,205,9.4,10.8,2.53,2.33,6.98,6.7,-0.28,,,,,
475,205,205,10,10.4,2.52,2.47,6.58,6.64,0.06,,,,,
476,205,205,9.4,10.8,2.37,2.3,7.35,6.78,-0.57,,,,,
477,205,205,10,10.4,2.46,2.36,6.7,6.9,0.20,,,,,
478,205,205,10.1,10.9,2.4,2.33,6.76,6.64,-0.12,,,,,
479,205,205,10.1,10.9,2.91,2.28,6.98,6.77,-0.21,,,,,
480,205,205,,,,,,,,,,,,
481,205,205,10.3,11,2.43,2.33,6.57,6.58,0.01,,,,,
482,205,205,10,10.3,2.37,2.3,6.91,7.11,0.20,,,,,
483,205,205,10,10.4,2.37,2.72,6.91,7.23,0.32,,,,,
484,205,205,10.2,11.2,2.46,2.32,6.57,6.48,-0.09,,,,,
485,205,205,10.2,11.1,2.88,2.7,6.97,6.85,-0.12,,,,,
486,205,205,,,,,,,,,,,,
487,205,205,,,,,,,,,,,,
488,404.32,205,21.2,11.9,2.4,2.52,6.35,6.84,0.49,,,,,
489,404.32,205,21,11.3,2.78,2.58,6.93,7.02,0.09,,,,,
490,205,205,10,11,2.46,2.75,6.7,6.77,0.07,,,,,
491,205,205,,,,,,,,,,,,
492,205,205,10.1,11.1,2.37,2.7,6.84,6.83,-0.01,,,,,
493,205,205,10.2,11.1,,,,,,,,,,
494,205,205,10.3,11.7,2.49,2.44,6.45,5.96,-0.49,,,,,
495,205,205,10,11,2.49,2.42,6.64,6.39,-0.25,,,,,
496,205,205,10,11,2.4,2.27,6.83,6.73,-0.10,,,,,
497,205,205,10,11,2.52,2.38,6.58,6.47,-0.11,,,,,
498,205,205,,,,,,,,,,,,
499,205,205,10,10.4,2.37,2.3,6.91,7.04,0.13,,,,,
500,404.32,205,21.1,11.3,2.78,2.56,6.9,7.09,0.19,,,,,
501,205,205,10.1,11.2,2.86,2.68,7.1,6.83,-0.27,,,,,
502,205,205,10,10.3,2.55,2.44,6.5,6.77,0.27,,,,,
503,205,205,10.2,11,2.58,2.47,6.31,6.28,-0.03,,,,,
504,404.32,205,21.1,11.3,2.65,2.56,7.22,7.08,-0.14,,,,,
505,205,205,9.4,10.9,2.53,2.35,6.98,6.6,-0.38,,,,,
506,205,205,10,10.3,2.39,2.32,6.85,7.05,0.20,,,,,
507,205,205,10.3,11.7,2.92,2.7,6.83,6.48,-0.35,,,,,
508,205,205,9.3,10.8,2.39,2.29,7.36,6.8,-0.56,,,,,
509,205,205,,,,,,,,,,,,
510,205,205,10.1,10.9,2.37,2.35,6.84,6.6,-0.24,,,,,
511,205,205,10,11,2.58,2.47,6.44,6.28,-0.16,,,,,
512,205,205,10.1,11,2.43,2.38,6.7,6.47,-0.23,,,,,
513,404.32,205,21.1,11.9,2.93,2.75,6.53,6.25,-0.28,,,,,
514,205,205,10,10.4,2.52,2.41,6.58,6.78,0.20,,,,,
515,205,205,10.1,11,2.46,2.41,6.64,6.41,-0.23,,,,,
516,205,205,,,,,,,,,,,,
517,205,205,10.2,11.1,2.39,2.3,6.71,6.59,-0.12,,,,,
518,205,205,10,10.3,,,,,,,,,,
519,205,205,9.4,10.8,,,,,,,,,,
520,205,205,10.1,11.1,,,,,,,,,,
521,205,205,10.3,11,2.34,2.32,6.77,6.6,-0.17,,,,,
522,205,205,,,,,,,,,,,,
523,205,205,10.1,10.9,2.4,2.36,6.76,6.58,-0.18,,,,,
524,205,205,10.4,11.9,2.75,2.3,7.17,6.15,-1.02,,,,,
525,205,205,10.1,10.9,2.75,2.36,7.38,6.58,-0.80,,,,,
526,205,205,9.4,10.7,,,,,,,,,,
527,205,205,10,10.4,2.85,2.72,7.2,7.25,0.05,,,,,
528,205,205,10.2,11.2,2.75,2.54,7.32,7.21,-0.11,,,,,
529,205,205,,,,,,,,,,,,
530,205,205,10,10.3,2.55,2.43,6.5,6.79,0.29,,,,,
531,205,205,10.1,10.9,,,,,,,,,,
532,205,205,10.2,11,,,,,,,,,,
533,205,205,9.4,10.8,2.55,2.41,6.91,6.53,-0.38,,,,,
534,205,205,10,10.4,2.46,2.63,6.7,6.31,-0.39,,,,,
535,205,205,10.1,11,2.85,2.7,7.12,6.91,-0.21,,,,,
536,205,205,10.1,11,2.55,2.41,6.43,6.41,-0.02,,,,,
537,404.32,205,20.3,11,2.85,2.28,6.99,6.71,-0.28,,,,,
538,205,205,10.4,11.8,2.46,2.42,6.45,5.96,-0.49,,,,,
539,205,205,10,10.4,2.43,2.35,6.77,6.92,0.15,,,,,
540,205,205,10.2,10.9,2.52,2.47,6.45,6.34,-0.11,,,,,
541,205,205,10.2,11,2.42,2.3,6.65,6.65,0.00,,,,,
542,404.32,205,21.1,11.2,2.8,2.65,6.84,6.9,0.06,,,,,
543,205,205,10.1,10.9,2.82,2.67,7.19,7.03,-0.16,,,,,
544,205,205,10.1,10.9,,,,,,,,,,
545,205,205,10.3,11.7,2.39,2.72,6.65,6.43,-0.22,,,,,
546,205,205,10.2,11.2,,,,,,,,,,
547,205,205,10.1,11,2.42,2.38,6.72,6.47,-0.25,,,,,
548,205,205,10,10.4,,,,,,,,,,
549,205,205,,,,,,,,,,,,
550,205,205,10.2,11.2,,,,,,,,,,
551,205,205,,,,,,,,,,,,
552,205,205,10.2,11.1,,,,,,,,,,
553,205,205,10.4,11.6,2.88,2.72,6.84,6.49,-0.35,,,,,
554,205,205,,,,,,,,,,,,
555,205,205,10.2,11.1,2.58,2.43,6.31,6.3,-0.01,,,,,
556,205,205,,,,,,,,,,,,
557,205,205,,,,,,,,,,,,
558,205,205,10,10.3,2.49,2.36,6.64,6.97,0.33,,,,,
559,205,205,10,10.2,2.46,2.36,6.7,7.03,0.33,,,,,
560,205,205,10.1,11,2.46,2.35,6.64,6.54,-0.10,,,,,
561,205,205,9.4,10.9,2.37,,7.35,,,,,,,
562,404.32,205,21.4,11.8,,,,,,,,,,
563,205,205,10,10.4,,,,,,,,,,
564,205,205,10.1,10.9,2.53,2.41,6.5,6.47,-0.03,,,,,
565,205,205,,,,,,,,,,,,
566,205,205,,,,,,,,,,,,
567,205,205,10.1,11.9,2.88,2.6,7.04,6.62,-0.42,,,,,
568,205,205,10,10.4,2.46,2.75,6.7,7.18,0.48,,,,,
569,205,205,,,,,,,,,,,,
570,205,205,10.4,11.7,,,,,,,,,,
571,205,205,10,11,2.63,2.38,6.36,6.47,0.11,,,,,
572,205,205,9.4,10.8,2.39,2.27,7.28,6.85,-0.43,,,,,
573,404.32,205,21,12,2.88,2.7,6.68,6.32,-0.36,,,,,
574,205,205,10,10.2,,,,,,,,,,
575,205,205,10.1,11.1,2.4,2.28,6.76,6.65,-0.11,,,,,
576,205,205,9.4,10.8,,,,,,,,,,
577,205,205,10.1,10.9,2.43,2.38,6.7,6.53,-0.17,,,,,
578,205,205,10,10.4,2.53,2.36,6.56,6.9,0.34,,,,,
579,205,205,,,,,,,,,,,,
580,205,205,,,,,,,,,,,,
581,205,205,10.2,11.1,2.77,2.65,7.26,6.96,-0.30,,,,,
582,205,205,10,10.4,2.37,2.32,6.91,6.98,0.07,,,,,
583,205,205,10.1,10.9,2.39,2.67,6.78,7.03,0.25,,,,,
584,205,205,,,,,,,,,,,,
585,205,205,10.3,10.9,2.88,2.7,6.91,6.96,0.05,,,,,
586,205,205,10,10.3,2.53,2.41,6.56,6.85,0.29,,,,,
587,205,205,10,10.3,2.86,2.67,7.18,7.44,0.26,,,,,
588,205,205,10.2,11,2.91,2.3,6.91,6.65,-0.26,,,,,
589,205,205,10.1,11,2.43,2.3,6.7,6.65,-0.05,,,,,
590,404.32,205,21.1,11.9,2.8,2.67,6.84,6.44,-0.40,,,,,
591,205,205,,,,,,,,,,,,
592,404.32,205,21.3,12,2.58,2.46,7.35,6.95,-0.40,,,,,
593,205,205,10.1,10.9,2.43,2.36,6.7,6.58,-0.12,,,,,
594,205,205,10.1,11,,,,,,,,,,
595,205,205,9.4,10.8,2.49,2.75,7.07,6.91,-0.16,,,,,
596,205,205,10.1,10.9,2.42,2.36,6.72,6.58,-0.14,,,,,
597,205,205,,,,,,,,,,,,
598,205,205,9.3,10.7,2.37,2.75,7.43,6.97,-0.46,,,,,
599,205,205,10,10.4,2.42,2.36,6.79,6.9,0.11,,,,,
600,205,205,10,10.4,,,,,,,,,,
601,205,205,10,11,2.63,2.62,6.36,5.98,-0.38,,,,,
602,205,205,10.2,11.1,2.92,2.7,6.89,6.83,-0.06,,,,,
603,205,205,10.4,11.8,,,,,,,,,,
604,205,205,10.4,11.7,2.88,2.7,6.84,6.48,-0.36,,,,,
605,205,205,10.1,11,2.86,2.65,7.1,7.03,-0.07,,,,,
606,205,205,10.1,11.3,,,,,,,,,,
607,205,205,9.4,10.8,,,,,,,,,,
608,205,205,,,,,,,,,,,,
609,205,205,10.1,11,,,,,,,,,,
610,404.32,205,20.4,11.7,2.88,2.72,6.88,6.45,-0.43,,,,,
611,205,205,10,10.4,,,,,,,,,,
612,205,205,10.1,11.1,2.49,2.41,6.58,6.35,-0.23,,,,,
613,205,205,10.3,11.7,2.37,2.28,6.71,6.31,0.4,,,,,
614,205,205,10.1,10.9,2.93,2.6,6.92,7.22,-0.3,,,,,
615,205,205,9.4,10.8,2.63,2.67,8.29,7.1,1.19,,,,,
616,404.32,205,21.3,11.8,2.65,2.52,7.16,6.9,0.26,,,,,
617,205,205,10.1,11,2.72,2.63,6.11,5.96,0.15,,,,,
618,205,205,10.2,11,2.49,2.72,6.51,6.84,-0.33,,,,,
619,205,205,,,,,,,,,,,,
620,205,205,10,10.3,2.58,2.49,6.44,6.65,-0.21,,,,,
621,205,205,,,,,,,,,,,,
622,205,205,10,10.4,2.55,2.47,6.5,6.64,-0.14,,,,,
623,205,205,10.1,11,2.82,2.75,7.19,6.78,0.4,,,,,
624,205,205,,,,,,,,,,,,
625,205,205,,,,,,,,,,,,
626,205,205,10.2,11,2.37,2.7,6.77,6.9,-0.12,,,,,
627,404.32,205,21.2,11.9,2.72,2.54,7,6.79,0.21,,,,,
628,404.32,205,20.3,11.8,2.88,2.65,6.91,6.55,0.36,,,,,
629,205,205,10.2,11.1,2.37,2.32,6.77,6.54,0.24,,,,,
630,404.32,205,21.3,11.9,2.83,2.61,6.7,6.6,0.1,,,,,
631,205,205,9.4,10.7,2.43,2.32,7.2,6.78,0.41,,,,,
632,205,205,,,,,,,,,,,,
633,205,205,10.3,11.1,2.85,2.75,6.99,6.72,0.26,,,,,
634,205,205,10,11,2.34,2.3,6.97,6.65,0.32,,,,,
635,205,205,,,,,,,,,,,,
636,404.32,205,21.3,11.8,2.7,2.61,7.04,6.65,0.39,,,,,
637,205,205,10,10.3,2.88,2.72,7.11,7.3,-0.19,,,,,
638,205,205,,,,,,,,,,,,
639,205,205,10,10.3,2.88,2.67,7.11,7.44,-0.33,,,,,
640,205,205,10.3,11.1,2.39,2.38,6.65,6.41,0.24,,,,,
641,205,205,9.4,10.8,2.62,2.5,6.78,6.32,0.46,,,,,
642,205,205,10,10.4,2.8,2.6,7.32,7.57,-0.25,,,,,
643,205,205,10.1,11,2.46,2.49,6.64,6.22,0.41,,,,,
644,205,205,10.1,10.9,2.42,2.38,6.72,6.53,0.19,,,,,
645,205,205,10,11,2.52,2.32,6.58,6.6,-0.02,,,,,
646,205,205,,,,,,,,,,,,
647,205,205,10,10.3,2.55,2.44,6.5,6.77,-0.27,,,,,
648,205,205,10,10.3,2.43,2.32,6.77,7.05,-0.28,,,,,
649,205,205,10,10.4,2.4,2.28,6.83,7.1,-0.27,,,,,
650,205,205,10.1,11,2.46,2.35,6.64,6.54,0.1,,,,,
651,205,205,10.1,10.9,2.92,2.72,6.96,6.9,0.06,,,,,
652,205,205,10.1,10.9,2.86,2.67,7.1,7.03,0.07,,,,,
653,205,205,9.4,10.8,2.55,2.43,6.91,6.47,0.44,,,,,
654,205,205,10.1,11,2.53,2.41,6.5,6.41,0.08,,,,,
655,205,205,,,,,,,,,,,,
656,205,205,10,11,2.55,2.33,6.5,6.58,-0.08,,,,,
657,205,205,,,,,,,,,,,,
658,205,205,10,10.4,2.91,2.75,7.05,7.16,-0.1,,,,,
659,205,205,10,11,2.53,2.38,6.56,6.47,0.09,,,,,
660,205,205,9.4,10.7,2.53,2.38,6.98,6.65,0.33,,,,,
661,205,205,9.4,10.8,2.49,2.36,7.07,6.64,0.42,,,,,
662,205,205,10.1,10.9,2.39,2.38,6.78,6.53,0.25,,,,,
663,205,205,,,,,,,,,,,,
664,404.32,205,21.3,11.8,2.72,2.65,6.97,6.55,0.42,,,,,
665,205,205,,,,,,,,,,,,
666,205,205,,,,,,,,,,,,
667,205,205,10,10.4,2.49,2.38,6.64,6.84,-0.2,,,,,
668,205,205,10.1,11,2.92,2.68,6.96,6.95,0.01,,,,,
669,205,205,10.2,11,2.92,2.65,6.89,7.03,-0.13,,,,,
670,205,205,,,,,,,,,,,,
671,205,205,10,10.4,2.43,2.32,6.77,6.98,-0.21,,,,,
672,205,205,10.2,11.1,2.34,2.65,6.83,6.96,-0.13,,,,,
673,205,205,10.1,10.3,2.55,2.53,6.43,6.57,-0.13,,,,,
674,205,205,9.4,10.6,2.43,2.3,7.2,6.9,0.29,,,,,
675,205,205,,,,,,,,,,,,
676,205,205,,,,,,,,,,,,
677,404.32,205,21.2,11.8,2.82,2.3,6.75,6.2,0.55,,,,,
678,205,205,10.1,11.1,2.49,2.38,6.58,6.41,0.17,,,,,
679,205,205,10,10.4,2.59,2.49,6.42,6.58,-0.17,,,,,
680,205,205,10,10.3,2.39,2.36,6.85,6.97,-0.12,,,,,
681,205,205,,,,,,,,,,,,
682,205,205,9.4,10.7,2.46,2.47,7.13,6.46,0.67,,,,,
683,205,205,9.4,10.7,2.85,2.72,7.65,7.03,0.62,,,,,
684,404.32,205,21.1,11.3,2.88,2.72,6.65,6.66,-0.01,,,,,
685,205,205,,,,,,,,,,,,
686,205,205,10.2,11.1,2.43,2.35,6.63,6.48,0.15,,,,,
687,205,205,10.4,11.7,2.73,2.65,5.91,5.55,0.36,,,,,
688,205,205,9.3,10.8,2.58,2.47,6.92,6.4,0.52,,,,,
689,205,205,10.1,10.9,2.46,2.38,6.64,6.53,0.11,,,,,
690,205,205,10,10.4,2.34,2.75,6.97,7.18,-0.2,,,,,
691,205,205,10.2,11,2.43,2.41,6.63,6.41,0.22,,,,,
692,205,205,10.2,11,,,,,,,,,,
693,205,205,,,,,,,,,,,,
694,205,205,10,10.3,2.43,2.36,6.77,6.97,-0.2,,,,,
695,404.32,205,20.3,11.1,2.34,2.32,6.77,6.54,0.23,,,,,
696,205,205,,,,,,,,,,,,
697,205,205,10.1,10.9,2.91,2.72,6.98,6.9,0.08,,,,,
698,205,205,10,10.4,2.43,2.3,6.77,7.04,-0.27,,,,,
699,205,205,10,10.3,2.34,2.32,6.97,7.05,-0.08,,,,,
700,205,205,10.1,11.1,2.4,2.3,6.76,6.59,0.17,,,,,
701,205,205,10.1,10.9,2.93,2.7,6.92,6.98,-0.06,,,,,
702,205,205,9.4,10.9,2.37,2.3,7.35,6.71,0.64,,,,,
703,205,205,10.1,11,2.93,2.3,6.92,6.65,0.27,,,,,
704,205,205,,,,,,,,,,,,
705,205,205,9.4,10.8,2.43,2.3,7.2,6.78,0.42,,,,,
706,205,205,10.1,11,2.37,2.75,6.84,6.77,0.08,,,,,
707,205,205,10.1,10.9,2.43,2.28,6.7,6.77,-0.07,,,,,
708,404.32,205,21.1,11.2,,,,,,,,,,
709,205,205,10.1,11,,,,,,,,,,
710,205,205,10,10.4,,,,,,,,,,
711,205,205,10.3,11.7,2.5,2.38,6.43,6.08,0.35,,,,,
712,205,205,10.1,10.9,2.37,2.72,6.84,6.9,-0.06,,,,,
713,205,205,10.1,11.2,,,,,,,,,,
714,205,205,9.4,10.9,2.46,2.75,7.13,6.85,0.29,,,,,
715,205,205,10.1,10.9,2.46,2.33,6.64,6.64,0,,,,,
716,205,205,9.4,10.9,2.53,2.37,6.98,6.54,0.43,,,,,
717,205,205,10,10.3,2.88,2.75,7.11,7.24,-0.13,,,,,
718,404.32,205,20.4,11.7,2.39,2.28,6.62,6.31,0.31,,,,,
719,205,205,,,,,,,,,,,,
720,205,205,10,10.3,2.46,2.28,6.7,7.17,-0.46,,,,,
721,205,205,10.2,11.8,2.63,2.43,6.23,5.92,0.31,,,,,
722,205,205,10.1,10.9,2.43,2.36,6.7,6.58,0.12,,,,,
723,205,205,10.2,11.2,,,,,,,,,,
724,205,205,,,,,,,,,,,,
725,205,205,,,,,,,,,,,,
726,205,205,10.2,11.2,2.93,2.7,6.85,6.77,0.08,,,,,
727,205,205,9.4,10.8,2.55,2.32,6.91,6.72,0.19,,,,,
728,404.32,205,21.4,12.7,,,,,,,,,,
729,205,205,10.1,11,2.39,2.75,6.78,6.78,0,,,,,
730,205,205,10,10.3,2.46,2.38,6.7,6.91,-0.2,,,,,
731,205,205,10.3,11.1,2.86,2.67,6.97,6.91,0.06,,,,,
732,205,205,,,,,,,,,,,,
733,205,205,,,,,,,,,,,,
734,205,205,10,10.4,2.55,2.43,6.5,6.72,-0.22,,,,,
735,205,205,10,10.4,2.46,2.38,6.7,6.84,-0.14,,,,,
736,205,205,10,10.4,2.91,2.75,7.05,7.18,-0.12,,,,,
737,205,205,9.4,10.8,2.34,2.28,7.41,6.83,0.58,,,,,
738,205,205,10.3,11.1,2.93,2.27,6.79,6.67,0.12,,,,,
739,205,205,10,10.4,,,,,,,,,,
740,205,205,10.2,11,2.86,2.75,7.03,6.77,0.27,,,,,
741,205,205,10.1,11,,,,,,,,,,
742,205,205,9.4,10.8,2.43,2.38,7.2,6.59,0.61,,,,,
743,404.32,205,21.3,11.9,,,,,,,,,,
744,205,205,,,,,,,,,,,,
745,205,205,,,,,,,,,,,,
746,205,205,10,11,2.88,2.27,7.11,6.73,0.39,,,,,
747,205,205,,,,,,,,,,,,
748,404.32,205,20.1,11.1,2.39,2.28,6.72,6.65,0.07,,,,,
749,205,205,10,11,,,,,,,,,,
750,205,205,10,10.4,2.37,2.70,6.91,7.29,-0.38,,,,,
751,205,205,,,,,,,,,,,,
752,205,205,10,11,,,,,,,,,,
753,205,205,10.2,11.1,,,,,,,,,,
754,404.32,205,21,11.3,,,,,,,,,,
755,205,205,10,11,2.46,2.30,6.7,6.65,0.05,,,,,
756,205,205,10.2,11.1,,,,,,,,,,
757,205,205,10,10.3,,,,,,,,,,
758,205,205,11,11.2,2.72,2.58,6.84,7.08,-0.24,,,,,
759,205,205,,,,,,,,,,,,
760,205,205,,,,,,,,,,,,
761,205,205,10.1,11.1,,,,,,,,,,
762,205,205,10.2,11.1,2.43,2.33,6.63,6.52,0.11,,,,,
763,205,205,,,,,,,,,,,,
764,205,205,9.4,10.7,,,,,,,,,,
765,205,205,10.2,11,,,,,,,,,,
766,205,205,,,,,,,,,,,,
767,205,205,,,,,,,,,,,,
768,205,205,10.1,10.9,2.82,2.65,7.19,7.09,0.09,,,,,
769,205,205,10,10.4,2.34,2.75,6.97,7.18,-0.21,,,,,
770,404.32,205,21.2,11.9,2.91,2.70,6.56,6.37,0.19,,,,,
771,205,205,,,,,,,,,,,,
772,205,205,,,,,,,,,,,,
773,205,205,9.4,10.8,2.34,2.72,7.41,6.97,0.45,,,,,
774,205,205,10.1,11.1,,,,,,,,,,
775,205,205,,,,,,,,,,,,
776,205,205,,,,,,,,,,,,
777,205,205,10,10.4,2.43,2.38,6.77,6.84,-0.07,,,,,
778,205,205,10.1,10.9,,,,,,,,,,
779,205,205,10.1,11,2.37,2.30,6.84,6.65,0.19,,,,,
780,205,205,10.2,11,2.37,2.30,6.77,6.65,0.12,,,,,
781,205,205,10.3,11.7,2.72,2.62,7.3,6.68,0.63,,,,,
782,404.32,205,20.3,11.8,2.77,2.58,7.19,6.72,0.47,,,,,
783,205,205,10.1,10.9,,,,,,,,,,
784,205,205,10,11,2.49,2.27,6.64,6.73,-0.09,,,,,
785,205,205,9.4,10.8,2.50,2.41,7.04,6.53,0.51,,,,,
786,205,205,10.2,11.1,2.72,2.56,7.38,7.22,0.15,,,,,
787,205,205,10,10.4,2.53,2.41,6.56,6.78,-0.22,,,,,
788,205,205,10.3,11.1,2.91,2.63,6.85,7.02,-0.17,,,,,
789,205,205,10,10.3,2.52,2.38,6.58,6.91,-0.33,,,,,
790,205,205,,,,,,,,,,,,
791,205,205,10,10.4,2.34,2.72,6.97,7.23,-0.26,,,,,
792,205,205,10.2,11,2.34,2.30,6.83,6.65,0.18,,,,,
793,205,205,9.4,10.8,2.43,2.41,7.2,6.53,0.67,,,,,
794,205,205,10.1,11,,,,,,,,,,
795,205,205,10,10.3,2.80,2.75,7.32,7.24,0.07,,,,,
796,205,205,9.4,10.8,2.55,2.35,6.91,6.66,0.25,,,,,
797,205,205,10,10.3,,,,,,,,,,
798,205,205,10.1,11,,,,,,,,,,
799,205,205,10.2,11,2.93,2.75,6.85,6.77,0.09,,,,,
800,205,205,10,10.3,,,,,,,,,,
801,205,205,10,10.3,2.91,2.70,7.05,7.36,-0.31,,,,,
802,205,205,11,12,2.66,2.49,5.72,5.71,0.02,,,,,
803,205,205,,,,,,,,,,,,
804,205,205,10.1,10.9,2.46,2.36,6.64,6.58,0.05,,,,,
805,205,205,9.4,10.7,2.46,2.38,7.13,6.65,0.48,,,,,
806,205,205,10.1,11,2.39,2.32,6.78,6.6,0.18,,,,,
807,205,205,10,10.4,2.46,2.43,6.7,6.72,-0.02,,,,,
808,404.32,205,20.4,11.7,2.67,2.54,7.41,7.19,-0.22,,,,,
809,205,205,,,,,,,,,,,,
810,404.32,,21.1,11.9,2.80,2.54,7.19,6.79,-0.4,,,,,
811,205,205,,,,,,,,,,,,
812,205,205,10,10.4,2.53,2.30,6.86,7.04,0.18,,,,,
813,205,205,10.1,10.3,2.34,2.30,6.9,7.11,-0.2,,,,,
814,404.32,205,22.1,12.2,,,,,,,,,,
815,205,205,10.1,11,,,,,,,,,,
816,205,205,9.4,10.8,2.92,2.75,7.48,7.19,-0.29,,,,,
,,,,,,,,,,,,,,
,,,,,,,,,,,,,,
,,,,,,,,,,,,,,
,,,,,,,,,,,,,,
,,,,,,,,,,,,,,
,,,,,,,,,,,,,,
,,,,,,,,,,,,,,
,,,,,,,,,,,,,,
,,,,,,,,,,,,,,
,,,,,,,,,,,,,,
,,,,,,,,,,,,,,
,,,,,,,,,,,,,,
,,,,,,,,,,,,,,
,,,,,,,,,,,,,,
,,,,,,,,,,,,,,
,,,,,,,,,,,,,,
,,,,,,,,,,,,,,
,,,,,,,,,,,,,,
,,,,,,,,,,,,,,
,,,,,,,,,,,,,,
,,,,,,,,,,,,,,
,,,,,,,,,,,,,,
,,,,,,,,,,,,,,
,,,,,,,,,,,,,,
,,,,,,,,,,,,,,
,,,,,,,,,,,,,,
,,,,,,,,,,,,,,
,,,,,,,,,,,,,,
,,,,,,,,,,,,,,
,,,,,,,,,,,,,,
,,,,,,,,,,,,,,
,,,,,,,,,,,,,,
,,,,,,,,,,,,,,
,,,,,,,,,,,,,,
,,,,,,,,,,,,,,
,,,,,,,,,,,,,,
,,,,,,,,,,,,,,
,,,,,,,,,,,,,,
,,,,,,,,,,,,,,
,,,,,,,,,,,,,,
,,,,,,,,,,,,,,
,,,,,,,,,,,,,,
,,,,,,,,,,,,,,
,,,,,,,,,,,,,,
,,,,,,,,,,,,,,
,,,,,,,,,,,,,,
,,,,,,,,,,,,,,
,,,,,,,,,,,,,,
,,,,,,,,,,,,,,
,,,,,,,,,,,,,,
,,,,,,,,,,,,,,
,,,,,,,,,,,,,,
,,,,,,,,,,,,,,
,,,,,,,,,,,,,,
,,,,,,,,,,,,,,
,,,,,,,,,,,,,,
,,,,,,,,,,,,,,
,,,,,,,,,,,,,,
,,,,,,,,,,,,,,
,,,,,,,,,,,,,,
,,,,,,,,,,,,,,
,,,,,,,,,,,,,,
,,,,,,,,,,,,,,
,,,,,,,,,,,,,,
,,,,,,,,,,,,,,
,,,,,,,,,,,,,,
,,,,,,,,,,,,,,
,,,,,,,,,,,,,,
,,,,,,,,,,,,,,
,,,,,,,,,,,,,,
,,,,,,,,,,,,,,
,,,,,,,,,,,,,,
,,,,,,,,,,,,,,
,,,,,,,,,,,,,,
,,,,,,,,,,,,,,
,,,,,,,,,,,,,,
,,,,,,,,,,,,,,
,,,,,,,,,,,,,,
,,,,,,,,,,,,,,
,,,,,,,,,,,,,,
,,,,,,,,,,,,,,
,,,,,,,,,,,,,,
,,,,,,,,,,,,,,
,,,,,,,,,,,,,,
,,,,,,,,,,,,,,
,,,,,,,,,,,,,,
,,,,,,,,,,,,,,
,,,,,,,,,,,,,,
,,,,,,,,,,,,,,
,,,,,,,,,,,,,,
,,,,,,,,,,,,,,
,,,,,,,,,,,,,,
,,,,,,,,,,,,,,
,,,,,,,,,,,,,,
,,,,,,,,,,,,,,
,,,,,,,,,,,,,,
,,,,,,,,,,,,,,
,,,,,,,,,,,,,,
,,,,,,,,,,,,,,
,,,,,,,,,,,,,,
,,,,,,,,,,,,,,
,,,,,,,,,,,,,,
,,,,,,,,,,,,,,
,,,,,,,,,,,,,,
,,,,,,,,,,,,,,
,,,,,,,,,,,,,,
,,,,,,,,,,,,,,
,,,,,,,,,,,,,,
,,,,,,,,,,,,,,
,,,,,,,,,,,,,,
,,,,,,,,,,,,,,
,,,,,,,,,,,,,,
,,,,,,,,,,,,,,
,,,,,,,,,,,,,,
,,,,,,,,,,,,,,
,,,,,,,,,,,,,,
,,,,,,,,,,,,,,
,,,,,,,,,,,,,,
,,,,,,,,,,,,,,
,,,,,,,,,,,,,,
,,,,,,,,,,,,,,
,,,,,,,,,,,,,,
,,,,,,,,,,,,,,
,,,,,,,,,,,,,,
,,,,,,,,,,,,,,
,,,,,,,,,,,,,,
,,,,,,,,,,,,,,
,,,,,,,,,,,,,,
,,,,,,,,,,,,,,
,,,,,,,,,,,,,,
,,,,,,,,,,,,,,
,,,,,,,,,,,,,,
,,,,,,,,,,,,,,
,,,,,,,,,,,,,,
,,,,,,,,,,,,,,
,,,,,,,,,,,,,,
,,,,,,,,,,,,,,
,,,,,,,,,,,,,,
,,,,,,,,,,,,,,
,,,,,,,,,,,,,,
,,,,,,,,,,,,,,
,,,,,,,,,,,,,,
,,,,,,,,,,,,,,
,,,,,,,,,,,,,,
,,,,,,,,,,,,,,
,,,,,,,,,,,,,,
,,,,,,,,,,,,,,
,,,,,,,,,,,,,,
,,,,,,,,,,,,,,
,,,,,,,,,,,,,,
