Hip,Distance UT,DistanceGO,Time UT,Time GO,Stride Frequency UT,Stride Frequency GO,Stride Length UT,Stride Length GO,diff,Unnamed: 10,Unnamed: 11,Unnamed: 12,Unnamed: 13,Unnamed: 14,Stride Length UT (ft),Stride Length GO (ft),Rank Time UT,Rank Time GO,Rank Stride Length UT (ft),Rank Stride Length GO (ft),Rank diff,Mean Rank,Rating
1.0,205.0,205.0,10.3,11.8,2.5,2.65,6.43,6.55,0.12,,,,,,21.1,21.49,514.0,549.0,475.0,365.0,129.0,406.4,29.4
2.0,205.0,205.0,10.0,11.0,,2.37,6.56,6.49,-0.07,,,,,,21.52,21.29,77.0,304.0,418.0,404.0,235.0,287.6,52.0
3.0,205.0,205.0,,,,,,,,,,,,,,,,,,,,,
4.0,205.0,205.0,10.0,10.3,2.34,2.75,6.97,7.24,0.27,,,,,,22.87,23.75,77.0,8.0,147.0,26.0,37.0,59.0,95.4
5.0,205.0,205.0,,,,,,,,,,,,,,,,,,,,,
6.0,205.0,205.0,10.0,10.2,2.93,2.29,6.99,7.2,0.21,,,,,,22.93,23.62,77.0,1.0,130.0,40.0,63.0,62.2,94.8
7.0,205.0,205.0,10.1,10.9,2.88,2.6,7.04,7.22,0.18,,,,,,23.1,23.69,256.0,210.0,114.0,34.0,100.0,142.8,79.5
8.0,205.0,205.0,10.0,10.4,2.49,2.58,6.64,6.85,0.21,,,,,,21.78,22.47,77.0,62.0,370.0,173.0,63.0,149.0,78.3
9.0,404.32,205.0,21.3,11.8,2.8,2.67,6.78,6.5,-0.28,,,,,,22.24,21.33,58.0,30.0,42.0,47.0,45.0,44.4,49.7
10.0,205.0,205.0,10.0,10.3,2.42,2.28,6.79,7.17,0.38,,,,,,22.28,23.52,77.0,8.0,265.0,49.0,13.0,82.4,91.0
11.0,205.0,205.0,10.0,10.3,2.55,2.56,6.5,6.51,0.01,,,,,,21.33,21.36,77.0,8.0,435.0,402.0,179.0,220.2,64.8
12.0,404.32,205.0,21.2,11.8,2.7,2.52,7.06,6.9,-0.16,,,,,,23.16,22.64,48.0,30.0,14.0,11.0,28.0,26.2,77.4
13.0,205.0,205.0,10.4,11.8,2.77,2.6,7.12,6.67,-0.45,,,,,,23.36,21.88,546.0,549.0,80.0,290.0,464.0,385.8,33.3
14.0,205.0,205.0,10.2,11.1,2.34,2.27,6.83,6.67,-0.16,,,,,,22.41,21.88,420.0,448.0,245.0,290.0,314.0,343.4,41.4
15.0,205.0,205.0,9.4,10.8,2.91,2.72,7.5,6.97,-0.53,,,,,,24.61,22.87,7.0,169.0,7.0,114.0,485.0,156.4,76.9
16.0,205.0,205.0,,,,,,,,,,,,,,,,,,,,,
17.0,205.0,205.0,10.0,10.3,2.37,2.33,6.91,7.03,0.12,,,,,,22.67,23.06,77.0,8.0,173.0,90.0,129.0,95.4,88.5
18.0,205.0,205.0,,,,,,,,,,,,,,,,,,,,,
19.0,205.0,205.0,,,,,,,,,,,,,,,,,,,,,
20.0,205.0,205.0,10.2,11.0,2.37,2.28,6.77,6.71,-0.06,,,,,,22.21,22.01,420.0,304.0,281.0,271.0,222.0,299.6,49.7
21.0,205.0,205.0,,,,,,,,,,,,,,,,,,,,,
22.0,205.0,205.0,,,,,,,,,,,,,,,,,,,,,
23.0,205.0,205.0,10.2,11.0,2.82,2.65,7.11,7.03,-0.08,,,,,,23.33,23.06,420.0,304.0,83.0,90.0,241.0,227.6,63.4
24.0,205.0,205.0,,,,,,,,,,,,,,,,,,,,,
25.0,205.0,205.0,9.4,10.9,2.46,2.3,7.13,6.71,-0.42,,,,,,23.39,22.01,7.0,210.0,71.0,271.0,451.0,202.0,68.2
26.0,205.0,205.0,10.0,10.3,2.92,2.7,7.03,7.38,0.35,,,,,,23.06,24.21,77.0,8.0,126.0,9.0,18.0,47.6,97.6
27.0,205.0,205.0,10.0,10.4,2.37,2.75,6.91,7.18,0.27,,,,,,22.67,23.56,77.0,62.0,173.0,42.0,37.0,78.2,91.8
28.0,205.0,205.0,10.1,10.9,2.55,2.44,6.43,6.39,-0.04,,,,,,21.1,20.96,256.0,210.0,475.0,448.0,204.0,318.6,46.1
29.0,205.0,205.0,10.4,11.6,2.34,2.75,6.7,6.43,-0.27,,,,,,21.98,21.1,546.0,535.0,326.0,431.0,392.0,446.0,21.9
30.0,205.0,205.0,10.4,11.8,2.92,2.72,6.76,6.38,-0.38,,,,,,22.18,20.93,546.0,549.0,303.0,453.0,439.0,458.0,19.6
31.0,205.0,205.0,10.1,11.0,2.37,2.27,6.84,6.73,-0.11,,,,,,22.44,22.08,256.0,304.0,228.0,250.0,263.0,260.2,57.2
32.0,205.0,205.0,10.0,10.4,2.58,2.52,6.44,6.52,0.08,,,,,,21.13,21.39,77.0,62.0,465.0,393.0,143.0,228.0,63.3
33.0,205.0,205.0,10.0,10.4,2.46,2.44,6.7,6.7,0.0,,,,,,21.98,21.98,77.0,62.0,326.0,282.0,182.0,185.8,71.3
34.0,404.32,205.0,23.0,12.2,2.63,2.54,6.68,6.62,-0.06,,,,,,21.92,21.72,81.0,78.0,53.0,35.0,15.0,52.4,37.5
35.0,205.0,205.0,10.2,11.0,2.37,2.41,6.77,6.41,-0.36,,,,,,22.21,21.03,420.0,304.0,281.0,435.0,429.0,373.8,35.6
36.0,205.0,205.0,,,,,,,,,,,,,,,,,,,,,
37.0,205.0,205.0,,,,,,,,,,,,,,,,,,,,,
38.0,205.0,205.0,10.3,11.1,2.37,2.72,6.71,6.78,0.07,,,,,,22.01,22.24,514.0,448.0,317.0,215.0,151.0,329.0,44.1
39.0,205.0,205.0,10.1,10.3,2.42,2.36,6.72,6.97,0.25,,,,,,22.05,22.87,256.0,8.0,312.0,114.0,50.0,148.0,78.5
40.0,205.0,205.0,10.0,11.1,2.37,2.32,6.91,6.54,-0.37,,,,,,22.67,21.46,77.0,448.0,173.0,367.0,436.0,300.2,49.6
41.0,205.0,205.0,,,,,,,,,,,,,,,,,,,,,
42.0,205.0,205.0,,,,,,,,,,,,,,,,,,,,,
43.0,205.0,205.0,10.2,11.0,2.78,2.62,7.24,7.1,-0.14,,,,,,23.75,23.29,420.0,304.0,43.0,66.0,297.0,226.0,63.7
44.0,205.0,205.0,,,,,,,,,,,,,,,,,,,,,
45.0,205.0,205.0,10.2,11.0,2.91,2.75,6.91,6.77,-0.14,,,,,,22.67,22.21,420.0,304.0,173.0,233.0,297.0,285.4,52.4
46.0,205.0,205.0,,,,,,,,,,,,,,,,,,,,,
47.0,205.0,205.0,10.2,11.1,2.34,2.75,6.83,6.72,-0.11,,,,,,22.41,22.05,420.0,448.0,245.0,260.0,263.0,327.2,44.5
48.0,404.32,205.0,21.1,11.3,2.88,2.27,6.65,6.55,-0.1,,,,,,21.82,21.49,33.0,12.0,56.0,43.0,20.0,32.8,67.4
49.0,205.0,205.0,10.2,10.9,2.93,2.38,6.85,6.53,-0.32,,,,,,22.47,21.42,420.0,210.0,215.0,375.0,418.0,327.6,44.4
50.0,205.0,205.0,10.0,10.3,2.4,2.7,6.83,7.38,0.55,,,,,,22.41,24.21,77.0,8.0,245.0,9.0,2.0,68.2,93.7
51.0,205.0,205.0,,,,,,,,,,,,,,,,,,,,,
52.0,205.0,205.0,,,,,,,,,,,,,,,,,,,,,
53.0,205.0,205.0,10.1,10.9,2.49,2.38,6.58,6.53,-0.05,,,,,,21.59,21.42,256.0,210.0,400.0,375.0,214.0,291.0,51.3
54.0,205.0,205.0,10.0,10.4,2.66,2.52,6.29,6.52,0.23,,,,,,20.64,21.39,77.0,62.0,499.0,393.0,56.0,217.4,65.3
55.0,205.0,205.0,10.0,10.4,2.93,2.72,6.99,7.25,0.26,,,,,,22.93,23.79,77.0,62.0,130.0,24.0,46.0,67.8,93.7
56.0,404.32,205.0,20.4,11.8,2.88,2.28,6.88,6.25,-0.63,,,,,,22.57,20.51,13.0,30.0,29.0,69.0,75.0,43.2,51.5
57.0,205.0,205.0,9.4,10.7,2.49,2.41,7.07,6.59,-0.48,,,,,,23.2,21.62,7.0,153.0,99.0,337.0,473.0,213.8,66.0
58.0,205.0,205.0,10.2,11.8,2.53,2.47,6.43,5.85,-0.58,,,,,,21.1,19.19,420.0,549.0,475.0,514.0,491.0,489.8,13.6
59.0,404.32,205.0,21.1,11.3,2.79,2.67,6.86,6.78,-0.08,,,,,,22.51,22.24,33.0,12.0,32.0,22.0,19.0,23.6,81.4
60.0,205.0,205.0,9.4,10.8,2.46,2.41,7.13,6.53,-0.6,,,,,,23.39,21.42,7.0,169.0,71.0,375.0,494.0,223.2,64.2
61.0,205.0,205.0,10.1,11.1,2.39,2.32,6.78,6.54,-0.24,,,,,,22.24,21.46,256.0,448.0,273.0,367.0,375.0,343.8,41.3
62.0,205.0,205.0,,,,,,,,,,,,,,,,,,,,,
63.0,205.0,205.0,10.1,10.3,2.39,2.72,6.78,7.3,0.52,,,,,,22.24,23.95,256.0,8.0,273.0,19.0,3.0,111.8,85.4
64.0,205.0,205.0,10.1,11.0,2.39,2.75,6.78,6.78,0.0,,,,,,22.24,22.24,256.0,304.0,273.0,215.0,182.0,246.0,59.9
65.0,205.0,205.0,10.1,10.9,2.46,2.3,6.64,6.71,0.07,,,,,,21.78,22.01,256.0,210.0,370.0,271.0,151.0,251.6,58.8
66.0,205.0,205.0,10.1,10.9,2.43,2.28,6.7,6.77,0.07,,,,,,21.98,22.21,256.0,210.0,326.0,233.0,151.0,235.2,61.9
67.0,205.0,205.0,10.3,10.9,2.34,2.75,6.77,6.85,0.08,,,,,,22.21,22.47,514.0,210.0,281.0,173.0,143.0,264.2,56.4
68.0,205.0,205.0,10.2,11.1,2.46,2.36,6.57,6.46,-0.11,,,,,,21.56,21.19,420.0,448.0,412.0,424.0,263.0,393.4,31.9
69.0,205.0,205.0,,,,,,,,,,,,,,,,,,,,,
70.0,205.0,205.0,9.4,10.9,2.66,2.59,6.7,6.09,-0.61,,,,,,21.98,19.98,7.0,210.0,326.0,496.0,496.0,307.0,48.3
71.0,205.0,205.0,9.4,10.8,2.46,2.3,7.13,6.78,-0.35,,,,,,23.39,22.24,7.0,169.0,71.0,215.0,422.0,176.8,73.0
72.0,205.0,205.0,,,,,,,,,,,,,,,,,,,,,
73.0,205.0,205.0,10.2,11.2,2.91,2.65,6.91,6.9,-0.01,,,,,,22.67,22.64,420.0,521.0,173.0,149.0,191.0,290.8,51.4
74.0,205.0,205.0,10.1,10.9,2.67,2.56,6.21,6.15,-0.06,,,,,,20.37,20.18,256.0,210.0,510.0,491.0,222.0,337.8,42.4
75.0,205.0,205.0,10.1,11.0,2.91,2.32,6.98,6.6,-0.38,,,,,,22.9,21.65,256.0,304.0,135.0,325.0,439.0,291.8,51.2
76.0,205.0,205.0,10.4,11.0,2.55,2.56,6.25,6.09,-0.16,,,,,,20.51,19.98,546.0,304.0,502.0,496.0,314.0,432.4,24.5
77.0,205.0,205.0,10.1,10.9,2.4,2.3,6.76,6.71,-0.05,,,,,,22.18,22.01,256.0,210.0,303.0,271.0,214.0,250.8,59.0
78.0,205.0,205.0,10.0,10.4,2.59,2.47,6.42,6.64,0.22,,,,,,21.06,21.78,77.0,62.0,485.0,316.0,58.0,199.6,68.7
79.0,205.0,205.0,,,,,,,,,,,,,,,,,,,,,
80.0,205.0,205.0,9.4,10.9,2.49,2.35,7.07,6.6,-0.47,,,,,,23.2,21.65,7.0,210.0,99.0,325.0,471.0,222.4,64.4
81.0,205.0,205.0,9.4,10.9,2.4,2.65,7.26,7.09,-0.17,,,,,,23.82,23.26,7.0,210.0,39.0,74.0,325.0,131.0,81.7
82.0,205.0,205.0,,,,,,,,,,,,,,,,,,,,,
83.0,205.0,205.0,10.1,10.9,2.4,2.27,6.76,6.79,0.03,,,,,,22.18,22.28,256.0,210.0,303.0,210.0,172.0,230.2,62.9
84.0,205.0,205.0,,,,,,,,,,,,,,,,,,,,,
85.0,205.0,205.0,10.0,10.4,2.46,2.38,6.7,6.84,0.14,,,,,,21.98,22.44,77.0,62.0,326.0,188.0,110.0,152.6,77.6
86.0,205.0,205.0,9.4,10.8,2.37,2.28,7.35,6.83,-0.52,,,,,,24.11,22.41,7.0,169.0,22.0,204.0,481.0,176.6,73.1
87.0,205.0,205.0,10.1,10.9,2.58,2.53,6.37,6.21,-0.16,,,,,,20.9,20.37,256.0,210.0,489.0,486.0,314.0,351.0,39.9
88.0,205.0,205.0,9.4,10.8,2.88,2.75,7.57,6.91,-0.66,,,,,,24.84,22.67,7.0,169.0,5.0,136.0,504.0,164.2,75.4
89.0,205.0,205.0,10.0,11.0,2.43,2.35,6.77,6.54,-0.23,,,,,,22.21,21.46,77.0,304.0,281.0,367.0,369.0,279.6,53.5
90.0,205.0,205.0,,,,,,,,,,,,,,,,,,,,,
91.0,205.0,205.0,,,,,,,,,,,,,,,,,,,,,
92.0,205.0,205.0,10.0,10.4,2.39,2.3,6.85,7.04,0.19,,,,,,22.47,23.1,77.0,62.0,215.0,85.0,96.0,107.0,86.3
93.0,205.0,205.0,,,,,,,,,,,,,,,,,,,,,
94.0,205.0,205.0,10.2,11.1,2.37,2.3,6.77,6.59,-0.18,,,,,,22.21,21.62,420.0,448.0,281.0,337.0,336.0,364.4,37.4
95.0,404.32,205.0,21.0,10.0,2.68,2.6,7.18,7.0,-0.18,,,,,,23.56,22.97,22.0,1.0,6.0,7.0,29.0,13.0,97.6
96.0,404.32,205.0,20.3,11.8,2.82,2.62,7.05,6.62,-0.43,,,,,,23.13,21.72,5.0,30.0,15.0,35.0,63.0,29.6,72.2
97.0,205.0,205.0,10.1,11.0,2.34,2.27,6.9,6.73,-0.17,,,,,,22.64,22.08,256.0,304.0,201.0,250.0,325.0,267.2,55.9
98.0,205.0,205.0,10.1,11.0,2.53,2.47,6.5,6.28,-0.22,,,,,,21.33,20.6,256.0,304.0,435.0,469.0,361.0,365.0,37.3
99.0,404.32,205.0,21.2,11.9,2.91,2.75,6.56,6.27,-0.29,,,,,,21.52,20.57,48.0,48.0,63.0,67.0,49.0,55.0,33.5
100.0,205.0,205.0,10.1,11.0,2.37,2.75,6.84,6.77,-0.07,,,,,,22.44,22.21,256.0,304.0,228.0,233.0,235.0,251.2,58.9
101.0,205.0,205.0,10.0,11.0,2.83,2.63,7.24,7.08,-0.16,,,,,,23.75,23.23,77.0,304.0,43.0,77.0,314.0,163.0,75.6
102.0,205.0,205.0,10.1,11.0,2.91,2.72,6.98,6.84,-0.14,,,,,,22.9,22.44,256.0,304.0,135.0,188.0,297.0,236.0,61.8
103.0,205.0,205.0,10.1,10.9,2.43,2.32,6.7,6.66,-0.04,,,,,,21.98,21.85,256.0,210.0,326.0,293.0,204.0,257.8,57.6
104.0,205.0,205.0,10.0,10.4,2.91,2.72,7.05,7.23,0.18,,,,,,23.13,23.72,77.0,62.0,103.0,29.0,100.0,74.2,92.5
105.0,205.0,205.0,,,,,,,,,,,,,,,,,,,,,
106.0,205.0,205.0,10.2,11.0,2.92,2.58,6.89,7.21,0.32,,,,,,22.6,23.65,420.0,304.0,208.0,38.0,26.0,199.2,68.8
107.0,404.32,205.0,21.3,12.0,2.78,2.67,6.83,6.39,-0.44,,,,,,22.41,20.96,58.0,71.0,35.0,59.0,65.0,57.6,29.5
108.0,205.0,205.0,,,,,,,,,,,,,,,,,,,,,
109.0,205.0,205.0,10.1,11.0,2.53,2.38,6.5,6.47,-0.03,,,,,,21.33,21.23,256.0,304.0,435.0,410.0,201.0,321.2,45.6
110.0,205.0,205.0,10.0,10.4,2.55,2.43,6.5,6.72,0.22,,,,,,21.33,22.05,77.0,62.0,435.0,260.0,58.0,178.4,72.7
111.0,205.0,205.0,10.1,10.9,2.46,2.38,6.64,6.53,-0.11,,,,,,21.78,21.42,256.0,210.0,370.0,375.0,263.0,294.8,50.6
112.0,205.0,205.0,10.2,11.0,2.75,2.61,7.32,7.14,-0.18,,,,,,24.02,23.43,420.0,304.0,28.0,58.0,336.0,229.2,63.1
113.0,205.0,205.0,10.2,11.0,2.34,2.28,6.83,6.71,-0.12,,,,,,22.41,22.01,420.0,304.0,245.0,271.0,275.0,303.0,49.1
114.0,205.0,205.0,10.2,11.0,2.72,2.56,7.38,7.29,-0.09,,,,,,24.21,23.92,420.0,304.0,16.0,22.0,249.0,202.2,68.2
115.0,205.0,205.0,10.0,10.3,2.55,2.47,6.5,6.71,0.21,,,,,,21.33,22.01,77.0,8.0,435.0,271.0,63.0,170.8,74.2
116.0,205.0,205.0,,,,,,,,,,,,,,,,,,,,,
117.0,205.0,205.0,10.0,11.0,2.59,2.47,6.42,6.28,-0.14,,,,,,21.06,20.6,77.0,304.0,485.0,469.0,297.0,326.4,44.6
118.0,205.0,205.0,,,,,,,,,,,,,,,,,,,,,
119.0,205.0,205.0,,,,,,,,,,,,,,,,,,,,,
120.0,205.0,205.0,10.1,10.9,2.53,2.38,6.5,6.53,0.03,,,,,,21.33,21.42,256.0,210.0,435.0,375.0,172.0,289.6,51.6
121.0,404.32,205.0,22.2,11.9,2.78,2.67,6.56,6.44,-0.12,,,,,,21.52,21.13,80.0,48.0,63.0,55.0,23.0,53.8,35.3
122.0,205.0,205.0,10.3,11.1,2.82,2.65,7.05,6.96,-0.09,,,,,,23.13,22.83,514.0,448.0,103.0,126.0,249.0,288.0,51.9
123.0,404.32,205.0,21.0,10.0,2.78,2.6,6.93,7.0,0.07,,,,,,22.74,22.97,22.0,1.0,23.0,7.0,8.0,12.2,98.8
124.0,205.0,205.0,9.4,10.9,2.42,2.35,7.22,6.6,-0.62,,,,,,23.69,21.65,7.0,210.0,47.0,325.0,498.0,217.4,65.3
125.0,205.0,205.0,10.2,11.1,2.39,2.36,6.71,6.46,-0.25,,,,,,22.01,21.19,420.0,448.0,317.0,424.0,381.0,398.0,31.0
126.0,205.0,205.0,10.0,10.2,2.42,2.36,6.79,7.03,0.24,,,,,,22.28,23.06,77.0,1.0,265.0,90.0,54.0,97.4,88.1
127.0,205.0,205.0,10.1,11.0,2.55,2.42,6.43,6.39,-0.04,,,,,,21.1,20.96,256.0,304.0,475.0,448.0,204.0,337.4,42.5
128.0,205.0,205.0,10.4,11.8,2.65,2.48,7.43,7.02,-0.41,,,,,,24.38,23.03,546.0,549.0,12.0,102.0,449.0,331.6,43.6
129.0,205.0,205.0,10.0,10.4,2.4,2.3,6.83,7.04,0.21,,,,,,22.41,23.1,77.0,62.0,245.0,85.0,63.0,106.4,86.4
130.0,205.0,205.0,10.3,11.0,2.59,2.5,6.23,6.21,-0.02,,,,,,20.44,20.37,514.0,304.0,503.0,486.0,196.0,400.6,30.5
131.0,404.32,205.0,21.1,11.3,2.85,2.75,6.73,6.59,-0.14,,,,,,22.08,21.62,33.0,12.0,50.0,41.0,24.0,32.0,68.6
132.0,205.0,205.0,9.4,10.8,2.88,2.75,7.57,6.89,-0.68,,,,,,24.84,22.6,7.0,169.0,5.0,170.0,507.0,171.6,74.0
133.0,404.32,205.0,21.3,11.9,2.7,2.58,7.02,6.68,-0.34,,,,,,23.03,21.92,58.0,48.0,17.0,31.0,53.0,41.4,54.2
134.0,205.0,205.0,,,,,,,,,,,,,,,,,,,,,
135.0,205.0,205.0,9.4,10.7,2.43,2.75,7.2,6.97,-0.23,,,,,,23.62,22.87,7.0,153.0,48.0,114.0,369.0,138.2,80.4
136.0,205.0,205.0,10.1,11.1,2.91,2.72,6.98,6.78,-0.2,,,,,,22.9,22.24,256.0,448.0,135.0,215.0,352.0,281.2,53.2
137.0,205.0,205.0,10.1,10.9,2.34,2.27,6.9,6.79,-0.11,,,,,,22.64,22.28,256.0,210.0,201.0,210.0,263.0,228.0,63.3
138.0,404.32,205.0,20.4,11.9,2.42,2.36,6.56,6.03,-0.53,,,,,,21.52,19.78,13.0,48.0,63.0,74.0,70.0,53.6,35.6
139.0,205.0,205.0,9.3,10.8,2.58,2.49,6.92,6.34,-0.58,,,,,,22.7,20.8,1.0,169.0,165.0,457.0,491.0,256.6,57.9
140.0,205.0,205.0,10.2,11.1,2.82,2.7,7.11,6.85,-0.26,,,,,,23.33,22.47,420.0,448.0,83.0,173.0,386.0,302.0,49.2
141.0,205.0,205.0,10.1,12.1,2.5,2.38,6.56,5.88,-0.68,,,,,,21.52,19.29,256.0,565.0,418.0,513.0,507.0,451.8,20.8
142.0,205.0,205.0,10.2,11.0,2.92,2.27,6.89,6.73,-0.16,,,,,,22.6,22.08,420.0,304.0,208.0,250.0,314.0,299.2,49.8
143.0,205.0,205.0,9.4,10.9,2.53,2.41,6.98,6.47,-0.51,,,,,,22.9,21.23,7.0,210.0,135.0,410.0,478.0,248.0,59.5
144.0,205.0,205.0,,,,,,,,,,,,,,,,,,,,,
145.0,205.0,205.0,10.0,10.4,2.46,2.36,6.7,6.9,0.2,,,,,,21.98,22.64,77.0,62.0,326.0,149.0,80.0,138.8,80.2
146.0,404.32,205.0,21.1,11.2,2.34,2.72,6.52,6.72,0.2,,,,,,21.39,22.05,33.0,8.0,70.0,27.0,3.0,28.2,74.4
147.0,205.0,205.0,10.0,10.4,2.66,2.5,6.29,6.56,0.27,,,,,,20.64,21.52,77.0,62.0,499.0,364.0,37.0,207.8,67.1
148.0,205.0,205.0,,,,,,,,,,,,,,,,,,,,,
149.0,205.0,205.0,10.1,10.9,2.88,2.28,7.04,6.77,-0.27,,,,,,23.1,22.21,256.0,210.0,114.0,233.0,392.0,241.0,60.8
150.0,205.0,205.0,10.0,10.4,2.55,2.49,6.5,6.58,0.08,,,,,,21.33,21.59,77.0,62.0,435.0,349.0,143.0,213.2,66.1
151.0,205.0,205.0,,,,,,,,,,,,,,,,,,,,,
152.0,205.0,205.0,10.2,10.9,2.59,2.72,7.75,6.9,-0.85,,,,,,25.43,22.64,420.0,210.0,2.0,149.0,511.0,258.4,57.5
153.0,205.0,205.0,10.0,10.4,2.37,2.75,6.91,7.18,0.27,,,,,,22.67,23.56,77.0,62.0,173.0,42.0,37.0,78.2,91.8
154.0,205.0,205.0,,,,,,,,,,,,,,,,,,,,,
155.0,205.0,205.0,10.3,11.1,2.49,2.43,6.45,6.3,-0.15,,,,,,21.16,20.67,514.0,448.0,460.0,467.0,309.0,439.6,23.1
156.0,205.0,205.0,10.3,11.0,2.39,2.32,6.65,6.6,-0.05,,,,,,21.82,21.65,514.0,304.0,364.0,325.0,214.0,344.2,41.2
157.0,205.0,205.0,10.0,10.4,2.34,2.27,6.97,7.12,0.15,,,,,,22.87,23.36,77.0,62.0,147.0,60.0,106.0,90.4,89.4
158.0,205.0,205.0,10.3,11.7,2.82,2.63,7.05,6.66,-0.39,,,,,,23.13,21.85,514.0,537.0,103.0,293.0,446.0,378.6,34.7
159.0,205.0,205.0,10.2,11.1,2.4,2.3,6.69,6.59,-0.1,,,,,,21.95,21.62,420.0,448.0,362.0,337.0,258.0,365.0,37.3
160.0,205.0,205.0,10.2,11.0,2.4,2.32,6.69,6.6,-0.09,,,,,,21.95,21.65,420.0,304.0,362.0,325.0,249.0,332.0,43.5
161.0,205.0,205.0,10.0,10.4,2.34,2.7,6.97,7.31,0.34,,,,,,22.87,23.98,77.0,62.0,147.0,17.0,19.0,64.4,94.4
162.0,205.0,205.0,10.1,11.0,2.5,2.47,6.56,6.28,-0.28,,,,,,21.52,20.6,256.0,304.0,418.0,469.0,400.0,369.4,36.4
163.0,205.0,205.0,10.1,10.9,2.37,2.75,6.84,6.85,0.01,,,,,,22.44,22.47,256.0,210.0,228.0,173.0,179.0,209.2,66.9
164.0,205.0,205.0,10.1,11.1,2.49,2.38,6.58,6.41,-0.17,,,,,,21.59,21.03,256.0,448.0,400.0,435.0,325.0,372.8,35.8
165.0,205.0,205.0,10.0,10.3,2.49,2.41,6.64,6.85,0.21,,,,,,21.78,22.47,77.0,8.0,370.0,173.0,63.0,138.2,80.4
166.0,205.0,205.0,,,,,,,,,,,,,,,,,,,,,
167.0,404.32,205.0,21.3,11.9,2.75,2.6,6.91,6.62,-0.29,,,,,,22.67,21.72,58.0,48.0,26.0,35.0,49.0,43.2,51.5
168.0,404.32,205.0,20.3,11.8,2.93,2.75,6.79,6.31,-0.48,,,,,,22.28,20.7,5.0,30.0,41.0,65.0,67.0,41.6,53.9
169.0,404.32,205.0,21.3,12.0,2.37,2.75,6.4,6.22,-0.18,,,,,,21.0,20.41,58.0,71.0,73.0,71.0,29.0,60.4,25.3
170.0,205.0,205.0,10.0,10.4,2.42,2.35,6.79,6.92,0.13,,,,,,22.28,22.7,77.0,62.0,265.0,133.0,121.0,131.6,81.6
171.0,404.32,205.0,21.3,11.9,2.88,2.65,6.59,6.49,-0.1,,,,,,21.62,21.29,58.0,48.0,62.0,48.0,20.0,47.2,45.4
172.0,205.0,205.0,9.4,10.8,2.46,2.41,7.13,6.53,-0.6,,,,,,23.39,21.42,7.0,169.0,71.0,375.0,494.0,223.2,64.2
173.0,205.0,205.0,10.2,11.0,2.91,2.3,6.91,6.65,-0.26,,,,,,22.67,21.82,420.0,304.0,173.0,298.0,386.0,316.2,46.5
174.0,205.0,205.0,10.1,11.0,2.56,2.47,6.41,6.28,-0.13,,,,,,21.03,20.6,256.0,304.0,488.0,469.0,288.0,361.0,38.0
175.0,205.0,205.0,10.1,10.9,,2.38,,6.53,,,,,,,,21.42,,,,,,,
176.0,205.0,205.0,,,,,,,,,,,,,,,,,,,,,
177.0,205.0,205.0,10.0,10.3,2.5,2.75,6.62,7.22,0.6,,,,,,21.72,23.69,77.0,8.0,399.0,34.0,1.0,103.8,86.9
178.0,205.0,205.0,10.0,10.3,2.91,2.28,7.05,7.17,0.12,,,,,,23.13,23.52,77.0,8.0,103.0,49.0,129.0,73.2,92.7
179.0,205.0,205.0,9.4,10.7,2.55,2.52,6.91,6.34,-0.57,,,,,,22.67,20.8,7.0,153.0,173.0,457.0,489.0,255.8,58.0
180.0,205.0,205.0,10.0,10.4,2.46,2.38,6.7,6.84,0.14,,,,,,21.98,22.44,77.0,62.0,326.0,188.0,110.0,152.6,77.6
181.0,205.0,205.0,10.0,10.4,2.43,2.32,6.77,6.98,0.21,,,,,,22.21,22.9,77.0,62.0,281.0,107.0,63.0,118.0,84.2
182.0,404.32,205.0,21.2,11.8,2.68,2.52,7.11,6.9,-0.21,,,,,,23.33,22.64,48.0,30.0,11.0,11.0,34.0,26.8,76.5
183.0,205.0,205.0,10.0,10.4,2.43,2.32,6.77,6.98,0.21,,,,,,22.21,22.9,77.0,62.0,281.0,107.0,63.0,118.0,84.2
184.0,404.32,205.0,21.3,11.9,2.7,2.54,7.02,6.77,-0.25,,,,,,23.03,22.21,58.0,48.0,17.0,24.0,41.0,37.6,60.0
185.0,205.0,205.0,10.0,10.4,2.46,2.36,6.7,6.9,0.2,,,,,,21.98,22.64,77.0,62.0,326.0,149.0,80.0,138.8,80.2
186.0,205.0,205.0,10.1,11.0,2.37,2.75,6.84,6.78,-0.06,,,,,,22.44,22.24,256.0,304.0,228.0,215.0,222.0,245.0,60.1
187.0,205.0,205.0,9.4,10.9,2.66,2.53,6.7,6.21,-0.49,,,,,,21.98,20.37,7.0,210.0,326.0,486.0,475.0,300.8,49.5
188.0,205.0,205.0,9.4,10.7,2.63,2.49,6.76,6.4,-0.36,,,,,,22.18,21.0,7.0,153.0,303.0,445.0,429.0,267.4,55.8
189.0,205.0,205.0,10.0,10.3,2.55,2.47,6.5,6.71,0.21,,,,,,21.33,22.01,77.0,8.0,435.0,271.0,63.0,170.8,74.2
190.0,205.0,205.0,10.0,10.4,2.46,2.36,6.7,6.9,0.2,,,,,,21.98,22.64,77.0,62.0,326.0,149.0,80.0,138.8,80.2
191.0,205.0,205.0,10.1,10.9,2.86,2.7,7.1,6.96,-0.14,,,,,,23.29,22.83,256.0,210.0,90.0,126.0,297.0,195.8,69.4
192.0,205.0,205.0,9.4,10.9,2.55,2.44,6.91,6.39,-0.52,,,,,,22.67,20.96,7.0,210.0,173.0,448.0,481.0,263.8,56.5
193.0,205.0,205.0,10.1,11.0,2.77,2.61,7.33,7.14,-0.19,,,,,,24.05,23.43,256.0,304.0,27.0,58.0,344.0,197.8,69.0
194.0,205.0,205.0,10.2,11.0,2.43,2.35,6.63,6.54,-0.09,,,,,,21.75,21.46,420.0,304.0,395.0,367.0,249.0,347.0,40.7
195.0,205.0,205.0,10.2,11.0,2.8,2.62,7.18,7.1,-0.08,,,,,,23.56,23.29,420.0,304.0,61.0,66.0,241.0,218.4,65.1
196.0,205.0,205.0,10.2,10.9,2.8,2.72,7.18,6.9,-0.28,,,,,,23.56,22.64,420.0,210.0,61.0,149.0,400.0,248.0,59.5
197.0,205.0,205.0,9.4,10.8,2.46,2.33,7.13,6.7,-0.43,,,,,,23.39,21.98,7.0,169.0,71.0,282.0,457.0,197.2,69.2
198.0,205.0,205.0,10.2,11.1,2.39,2.3,6.71,6.59,-0.12,,,,,,22.01,21.62,420.0,448.0,317.0,337.0,275.0,359.4,38.3
199.0,205.0,205.0,,,,,,,,,,,,,,,,,,,,,
200.0,205.0,205.0,10.3,11.1,2.91,2.75,6.85,6.72,-0.13,,,,,,22.47,22.05,514.0,448.0,215.0,260.0,288.0,345.0,41.1
201.0,205.0,205.0,10.0,10.3,2.55,2.44,6.5,6.77,0.27,,,,,,21.33,22.21,77.0,8.0,435.0,233.0,37.0,158.0,76.6
202.0,205.0,205.0,10.1,11.0,2.46,2.36,6.64,6.52,-0.12,,,,,,21.78,21.39,256.0,304.0,370.0,393.0,275.0,319.6,45.9
203.0,404.32,205.0,21.0,11.3,2.86,2.67,6.74,6.78,0.04,,,,,,22.11,22.24,22.0,12.0,47.0,22.0,11.0,22.8,82.6
204.0,205.0,205.0,,,,,,,,,,,,,,,,,,,,,
205.0,205.0,205.0,,,,,,,,,,,,,,,,,,,,,
206.0,205.0,205.0,,,,,,,,,,,,,,,,,,,,,
207.0,205.0,205.0,,,,,,,,,,,,,,,,,,,,,
208.0,205.0,205.0,10.1,11.0,2.83,2.65,7.16,7.03,-0.13,,,,,,23.49,23.06,256.0,304.0,70.0,90.0,288.0,201.6,68.3
209.0,205.0,205.0,10.0,10.4,2.49,2.38,6.64,6.84,0.2,,,,,,21.78,22.44,77.0,62.0,370.0,188.0,80.0,155.4,77.1
210.0,205.0,205.0,10.0,11.0,2.55,2.36,6.5,6.52,0.02,,,,,,21.33,21.39,77.0,304.0,435.0,393.0,174.0,276.6,54.1
211.0,205.0,205.0,10.1,10.9,2.88,2.29,7.04,6.73,-0.31,,,,,,23.1,22.08,256.0,210.0,114.0,250.0,413.0,248.6,59.4
212.0,404.32,205.0,21.4,11.9,2.8,2.62,6.74,6.56,-0.18,,,,,,22.11,21.52,74.0,48.0,47.0,42.0,29.0,48.0,44.2
213.0,205.0,205.0,10.2,11.1,2.91,2.72,6.91,6.78,-0.13,,,,,,22.67,22.24,420.0,448.0,173.0,215.0,288.0,308.8,48.0
214.0,205.0,205.0,,,,,,,,,,,,,,,,,,,,,
215.0,404.32,205.0,21.3,11.8,2.78,2.63,6.83,6.6,-0.23,,,,,,22.41,21.65,58.0,30.0,35.0,39.0,38.0,40.0,56.4
216.0,205.0,205.0,10.4,11.7,2.34,2.72,6.7,6.43,-0.27,,,,,,21.98,21.1,546.0,537.0,326.0,431.0,392.0,446.4,21.8
217.0,205.0,205.0,10.2,11.2,2.66,2.56,6.17,5.99,-0.18,,,,,,20.24,19.65,420.0,521.0,512.0,505.0,336.0,458.8,19.5
218.0,205.0,205.0,,,,,,,,,,,,,,,,,,,,,
219.0,205.0,205.0,10.2,11.0,2.88,2.36,6.97,6.52,-0.45,,,,,,22.87,21.39,420.0,304.0,147.0,393.0,464.0,345.6,41.0
220.0,205.0,205.0,10.1,10.9,2.93,2.75,6.92,6.85,-0.07,,,,,,22.7,22.47,256.0,210.0,165.0,173.0,235.0,207.8,67.1
221.0,205.0,205.0,10.0,10.4,2.58,2.49,6.44,6.58,0.14,,,,,,21.13,21.59,77.0,62.0,465.0,349.0,110.0,212.6,66.2
222.0,205.0,205.0,10.0,10.4,2.63,2.56,6.36,6.45,0.09,,,,,,20.87,21.16,77.0,62.0,492.0,428.0,140.0,239.8,61.1
223.0,404.32,205.0,21.1,11.9,2.77,2.5,6.92,6.89,-0.03,,,,,,22.7,22.6,33.0,48.0,25.0,15.0,14.0,27.0,76.2
224.0,205.0,205.0,,,,,,,,,,,,,,,,,,,,,
225.0,205.0,205.0,10.1,11.1,2.4,2.3,6.76,6.59,-0.17,,,,,,22.18,21.62,256.0,448.0,303.0,337.0,325.0,333.8,43.2
226.0,205.0,205.0,10.1,11.0,2.52,2.33,6.52,6.58,0.06,,,,,,21.39,21.59,256.0,304.0,428.0,349.0,160.0,299.4,49.7
227.0,205.0,205.0,10.0,10.3,2.58,2.52,6.44,6.59,0.15,,,,,,21.13,21.62,77.0,8.0,465.0,337.0,106.0,198.6,68.9
228.0,205.0,205.0,,,,,,,,,,,,,,,,,,,,,
229.0,404.32,205.0,21.0,11.4,2.82,2.56,6.82,7.01,0.19,,,,,,22.38,23.0,22.0,23.0,37.0,6.0,4.0,18.4,89.3
230.0,205.0,205.0,10.2,10.9,2.46,2.38,6.57,6.53,-0.04,,,,,,21.56,21.42,420.0,210.0,412.0,375.0,204.0,324.2,45.0
231.0,205.0,205.0,10.0,11.0,2.37,2.3,6.91,6.65,-0.26,,,,,,22.67,21.82,77.0,304.0,173.0,298.0,386.0,247.6,59.6
232.0,205.0,205.0,,,,,,,,,,,,,,,,,,,,,
233.0,205.0,205.0,10.1,10.9,2.86,2.72,7.1,6.9,-0.2,,,,,,23.29,22.64,256.0,210.0,90.0,149.0,352.0,211.4,66.5
234.0,205.0,205.0,10.0,10.2,2.4,2.42,6.83,6.89,0.06,,,,,,22.41,22.6,77.0,1.0,245.0,170.0,160.0,130.6,81.8
235.0,205.0,205.0,10.2,11.1,2.49,2.42,6.51,6.33,-0.18,,,,,,21.36,20.77,420.0,448.0,430.0,462.0,336.0,419.2,27.0
236.0,205.0,205.0,10.3,11.1,2.37,2.72,6.71,6.78,0.07,,,,,,22.01,22.24,514.0,448.0,317.0,215.0,151.0,329.0,44.1
237.0,205.0,205.0,10.0,10.4,2.91,2.67,7.05,7.37,0.32,,,,,,23.13,24.18,77.0,62.0,103.0,11.0,26.0,55.8,96.0
238.0,205.0,205.0,10.3,11.1,2.46,2.36,6.51,6.46,-0.05,,,,,,21.36,21.19,514.0,448.0,430.0,424.0,214.0,406.0,29.5
239.0,205.0,205.0,,,,,,,,,,,,,,,,,,,,,
240.0,205.0,205.0,10.1,11.0,2.86,2.6,7.1,7.16,0.06,,,,,,23.29,23.49,256.0,304.0,90.0,52.0,160.0,172.4,73.9
241.0,205.0,205.0,10.1,11.1,2.34,2.75,6.9,6.72,-0.18,,,,,,22.64,22.05,256.0,448.0,201.0,260.0,336.0,300.2,49.6
242.0,205.0,205.0,10.1,11.0,2.88,2.27,7.04,6.73,-0.31,,,,,,23.1,22.08,256.0,304.0,114.0,250.0,413.0,267.4,55.8
243.0,205.0,205.0,10.2,11.1,2.63,2.5,6.23,6.15,-0.08,,,,,,20.44,20.18,420.0,448.0,503.0,491.0,241.0,420.6,26.7
244.0,205.0,205.0,10.0,11.0,2.66,2.56,6.29,6.09,-0.2,,,,,,20.64,19.98,77.0,304.0,499.0,496.0,352.0,345.6,41.0
245.0,205.0,205.0,10.0,10.3,2.4,2.3,6.83,7.11,0.28,,,,,,22.41,23.33,77.0,8.0,245.0,62.0,34.0,85.2,90.4
246.0,205.0,205.0,10.0,10.4,2.82,2.58,7.26,7.63,0.37,,,,,,23.82,25.03,77.0,62.0,39.0,1.0,15.0,38.8,99.2
247.0,205.0,205.0,,,,,,,,,,,,,,,,,,,,,
248.0,205.0,205.0,,,,,,,,,,,,,,,,,,,,,
249.0,205.0,205.0,,,,,,,,,,,,,,,,,,,,,
250.0,404.32,205.0,20.4,11.7,2.88,2.7,6.88,6.48,-0.4,,,,,,22.57,21.26,13.0,25.0,29.0,52.0,58.0,35.4,63.4
251.0,205.0,205.0,10.1,11.0,2.85,2.7,7.12,6.9,-0.22,,,,,,23.36,22.64,256.0,304.0,80.0,149.0,361.0,230.0,62.9
252.0,205.0,205.0,10.3,11.1,2.55,2.47,6.31,6.22,-0.09,,,,,,20.7,20.41,514.0,448.0,496.0,481.0,249.0,437.6,23.5
253.0,205.0,205.0,9.4,10.8,2.93,2.75,7.44,6.91,-0.53,,,,,,24.41,22.67,7.0,169.0,11.0,136.0,485.0,161.6,75.9
254.0,205.0,205.0,,,,,,,,,,,,,,,,,,,,,
255.0,205.0,205.0,9.4,10.8,2.59,2.43,6.83,6.47,-0.36,,,,,,22.41,21.23,7.0,169.0,245.0,410.0,429.0,252.0,58.7
256.0,205.0,205.0,10.1,11.0,2.37,2.75,6.84,6.78,-0.06,,,,,,22.44,22.24,256.0,304.0,228.0,215.0,222.0,245.0,60.1
257.0,205.0,205.0,10.2,11.1,2.39,2.38,6.71,6.41,-0.3,,,,,,22.01,21.03,420.0,448.0,317.0,435.0,410.0,406.0,29.5
258.0,205.0,205.0,10.1,11.0,2.55,2.36,6.43,6.52,0.09,,,,,,21.1,21.39,256.0,304.0,475.0,393.0,140.0,313.6,47.0
259.0,205.0,205.0,10.2,11.0,2.34,2.75,6.83,6.77,-0.06,,,,,,22.41,22.21,420.0,304.0,245.0,233.0,222.0,284.8,52.5
260.0,205.0,205.0,,,,,,,,,,,,,,,,,,,,,
261.0,205.0,205.0,10.0,10.3,2.4,2.32,6.83,7.05,0.22,,,,,,22.41,23.13,77.0,8.0,245.0,80.0,58.0,93.6,88.8
262.0,205.0,205.0,10.0,10.4,2.34,2.75,6.97,7.18,0.21,,,,,,22.87,23.56,77.0,62.0,147.0,42.0,63.0,78.2,91.8
263.0,205.0,205.0,,,,,,,,,,,,,,,,,,,,,
264.0,205.0,205.0,10.1,11.1,2.5,2.75,6.56,6.7,0.14,,,,,,21.52,21.98,256.0,448.0,418.0,282.0,110.0,302.8,49.1
265.0,205.0,205.0,10.1,10.9,2.92,2.65,6.96,7.09,0.13,,,,,,22.83,23.26,256.0,210.0,161.0,74.0,121.0,164.4,75.4
266.0,205.0,205.0,10.1,11.0,2.34,2.27,6.9,6.73,-0.17,,,,,,22.64,22.08,256.0,304.0,201.0,250.0,325.0,267.2,55.9
267.0,205.0,205.0,10.0,10.4,2.53,2.44,6.56,6.7,0.14,,,,,,21.52,21.98,77.0,62.0,418.0,282.0,110.0,189.8,70.6
268.0,205.0,205.0,,,,,,,,,,,,,,,,,,,,,
269.0,205.0,205.0,10.0,10.4,2.46,2.75,6.7,7.16,0.46,,,,,,21.98,23.49,77.0,62.0,326.0,52.0,8.0,105.0,86.7
270.0,205.0,205.0,,,,,,,,,,,,,,,,,,,,,
271.0,205.0,205.0,10.1,10.9,2.91,2.27,6.98,6.79,-0.19,,,,,,22.9,22.28,256.0,210.0,135.0,210.0,344.0,231.0,62.7
272.0,205.0,205.0,9.4,10.9,2.91,2.75,7.5,6.85,-0.65,,,,,,24.61,22.47,7.0,210.0,7.0,173.0,503.0,180.0,72.4
273.0,205.0,205.0,,,,,,,,,,,,,,,,,,,,,
274.0,205.0,205.0,,,,,,,,,,,,,,,,,,,,,
275.0,205.0,205.0,10.3,11.1,2.43,2.33,6.57,6.52,-0.05,,,,,,21.56,21.39,514.0,448.0,412.0,393.0,214.0,396.2,31.4
276.0,205.0,205.0,10.3,11.8,2.37,2.65,6.71,6.55,-0.16,,,,,,22.01,21.49,514.0,549.0,317.0,365.0,314.0,411.8,28.4
277.0,205.0,205.0,10.1,10.9,2.46,2.41,6.64,6.47,-0.17,,,,,,21.78,21.23,256.0,210.0,370.0,410.0,325.0,314.2,46.9
278.0,205.0,205.0,10.1,10.9,2.72,2.7,7.45,6.98,-0.47,,,,,,24.44,22.9,256.0,210.0,10.0,107.0,471.0,210.8,66.6
279.0,404.32,205.0,21.2,11.9,2.88,2.7,6.62,6.37,-0.25,,,,,,21.72,20.9,48.0,48.0,59.0,60.0,41.0,51.2,39.3
280.0,205.0,205.0,10.1,11.0,2.58,2.49,6.37,6.22,-0.15,,,,,,20.9,20.41,256.0,304.0,489.0,481.0,309.0,367.8,36.7
281.0,205.0,205.0,10.3,11.9,2.78,2.67,7.17,6.44,-0.73,,,,,,23.52,21.13,514.0,560.0,68.0,430.0,509.0,416.2,27.6
282.0,205.0,205.0,10.2,11.1,2.46,2.41,6.57,6.35,-0.22,,,,,,21.56,20.83,420.0,448.0,412.0,454.0,361.0,419.0,27.0
283.0,205.0,205.0,10.0,11.0,2.4,2.7,6.83,6.9,0.07,,,,,,22.41,22.64,77.0,304.0,245.0,149.0,151.0,185.2,71.4
284.0,404.32,205.0,20.1,11.3,2.37,2.7,6.78,6.71,-0.07,,,,,,22.24,22.01,1.0,12.0,42.0,29.0,16.0,20.0,86.9
285.0,205.0,205.0,,,,,,,,,,,,,,,,,,,,,
286.0,205.0,205.0,9.4,10.9,2.59,2.41,6.83,6.47,-0.36,,,,,,22.41,21.23,7.0,210.0,245.0,410.0,429.0,260.2,57.2
287.0,205.0,205.0,9.4,10.8,2.58,2.47,6.85,6.4,-0.45,,,,,,22.47,21.0,7.0,169.0,215.0,445.0,464.0,260.0,57.2
288.0,205.0,205.0,10.2,11.1,2.39,2.41,6.71,6.35,-0.36,,,,,,22.01,20.83,420.0,448.0,317.0,454.0,429.0,413.6,28.0
289.0,205.0,205.0,10.1,10.9,2.46,2.35,6.64,6.6,-0.04,,,,,,21.78,21.65,256.0,210.0,370.0,325.0,204.0,273.0,54.8
290.0,404.32,205.0,21.2,11.9,2.8,2.56,6.81,6.74,-0.07,,,,,,22.34,22.11,48.0,48.0,39.0,26.0,16.0,35.4,63.4
291.0,205.0,205.0,,,,,,,,,,,,,,,,,,,,,
292.0,205.0,205.0,10.0,10.3,2.39,2.35,6.85,6.99,0.14,,,,,,22.47,22.93,77.0,8.0,215.0,105.0,110.0,103.0,87.0
293.0,404.32,205.0,20.3,11.8,2.78,2.56,7.17,6.79,-0.38,,,,,,23.52,22.28,5.0,30.0,7.0,19.0,56.0,23.4,81.7
294.0,404.32,205.0,20.4,11.8,2.4,2.7,6.6,6.45,-0.15,,,,,,21.65,21.16,13.0,30.0,61.0,53.0,27.0,36.8,61.3
295.0,205.0,205.0,,,,,,,,,,,,,,,,,,,,,
296.0,205.0,205.0,10.1,11.0,2.55,2.53,6.43,6.15,-0.28,,,,,,21.1,20.18,256.0,304.0,475.0,491.0,400.0,385.2,33.4
297.0,205.0,205.0,10.0,11.0,2.55,2.41,6.5,6.41,-0.09,,,,,,21.33,21.03,77.0,304.0,435.0,435.0,249.0,300.0,49.6
298.0,205.0,205.0,10.0,10.2,2.43,2.38,6.77,6.97,0.2,,,,,,22.21,22.87,77.0,1.0,281.0,114.0,80.0,110.6,85.6
299.0,404.32,205.0,20.2,11.9,2.82,2.65,7.09,6.49,-0.6,,,,,,23.26,21.29,3.0,48.0,12.0,48.0,74.0,37.0,60.9
300.0,205.0,205.0,10.1,10.9,2.88,2.72,7.04,6.9,-0.14,,,,,,23.1,22.64,256.0,210.0,114.0,149.0,297.0,205.2,67.6
301.0,205.0,205.0,10.0,10.2,2.63,2.43,6.36,6.85,0.49,,,,,,20.87,22.47,77.0,1.0,492.0,173.0,5.0,149.6,78.2
302.0,205.0,205.0,9.4,10.9,2.55,2.38,6.91,6.53,-0.38,,,,,,22.67,21.42,7.0,210.0,173.0,375.0,439.0,240.8,60.9
303.0,205.0,205.0,10.3,11.1,2.88,2.68,6.91,6.89,-0.02,,,,,,22.67,22.6,514.0,448.0,173.0,170.0,196.0,300.2,49.6
304.0,205.0,205.0,10.1,11.1,2.66,2.53,6.23,6.09,-0.14,,,,,,20.44,19.98,256.0,448.0,503.0,496.0,297.0,400.0,30.6
305.0,205.0,205.0,10.0,11.0,2.58,2.49,6.44,6.22,-0.22,,,,,,21.13,20.41,77.0,304.0,465.0,481.0,361.0,337.6,42.5
306.0,205.0,205.0,,,,,,,,,,,,,,,,,,,,,
307.0,205.0,205.0,10.1,10.9,2.66,2.53,6.23,6.21,-0.02,,,,,,20.44,20.37,256.0,210.0,503.0,486.0,196.0,330.2,43.9
308.0,205.0,205.0,10.1,10.3,2.93,2.3,6.92,7.11,0.19,,,,,,22.7,23.33,256.0,8.0,165.0,62.0,96.0,117.4,84.3
309.0,404.32,205.0,21.3,12.8,2.93,2.67,6.47,5.99,-0.48,,,,,,21.23,19.65,58.0,81.0,71.0,75.0,67.0,70.4,10.0
310.0,205.0,205.0,10.1,11.0,2.46,2.38,6.64,6.47,-0.17,,,,,,21.78,21.23,256.0,304.0,370.0,410.0,325.0,333.0,43.4
311.0,205.0,205.0,,,,,,,,,,,,,,,,,,,,,
312.0,404.32,205.0,21.1,11.3,2.53,2.68,6.13,6.77,0.64,,,,,,20.11,22.21,33.0,12.0,75.0,24.0,1.0,29.0,73.2
313.0,205.0,205.0,10.0,10.4,2.46,2.28,6.7,7.1,0.4,,,,,,21.98,23.29,77.0,62.0,326.0,66.0,10.0,108.2,86.1
314.0,205.0,205.0,10.1,10.9,2.43,2.32,6.7,6.66,-0.04,,,,,,21.98,21.85,256.0,210.0,326.0,293.0,204.0,257.8,57.6
315.0,205.0,205.0,9.4,10.9,2.39,2.75,7.28,6.85,-0.43,,,,,,23.88,22.47,7.0,210.0,35.0,173.0,457.0,176.4,73.1
316.0,205.0,205.0,9.4,10.8,2.39,2.75,7.28,6.91,-0.37,,,,,,23.88,22.67,7.0,169.0,35.0,136.0,436.0,156.6,76.9
317.0,404.32,205.0,21.0,12.0,2.88,2.65,6.68,6.44,-0.24,,,,,,21.92,21.13,22.0,71.0,53.0,55.0,40.0,48.2,43.9
318.0,205.0,205.0,10.0,10.4,2.82,2.67,7.26,7.37,0.11,,,,,,23.82,24.18,77.0,62.0,39.0,11.0,133.0,64.4,94.4
319.0,205.0,205.0,10.1,11.0,2.93,2.3,6.92,6.65,-0.27,,,,,,22.7,21.82,256.0,304.0,165.0,298.0,392.0,283.0,52.9
320.0,404.32,205.0,21.0,11.2,2.72,2.58,7.07,7.08,0.01,,,,,,23.2,23.23,22.0,8.0,13.0,3.0,12.0,11.6,99.7
321.0,205.0,205.0,9.4,10.9,2.55,2.49,6.91,6.28,-0.63,,,,,,22.67,20.6,7.0,210.0,173.0,469.0,501.0,272.0,54.9
322.0,205.0,205.0,10.1,10.9,2.91,2.72,6.98,6.9,-0.08,,,,,,22.9,22.64,256.0,210.0,135.0,149.0,241.0,198.2,69.0
323.0,205.0,205.0,10.2,11.0,2.86,2.7,7.03,6.9,-0.13,,,,,,23.06,22.64,420.0,304.0,126.0,149.0,288.0,257.4,57.7
324.0,205.0,205.0,,,,,,,,,,,,,,,,,,,,,
325.0,205.0,205.0,10.2,10.9,2.42,2.38,6.65,6.53,-0.12,,,,,,21.82,21.42,420.0,210.0,364.0,375.0,275.0,328.8,44.2
326.0,205.0,205.0,10.1,11.1,2.46,2.37,6.64,6.43,-0.21,,,,,,21.78,21.1,256.0,448.0,370.0,431.0,356.0,372.2,35.9
327.0,205.0,205.0,10.0,11.1,2.58,2.53,6.44,6.09,-0.35,,,,,,21.13,19.98,77.0,448.0,465.0,496.0,422.0,381.6,34.1
328.0,205.0,205.0,10.0,10.4,2.49,2.38,6.64,6.84,0.2,,,,,,21.78,22.44,77.0,62.0,370.0,188.0,80.0,155.4,77.1
329.0,205.0,205.0,,,,,,,,,,,,,,,,,,,,,
330.0,404.32,205.0,20.4,11.8,2.83,2.7,7.0,6.43,-0.57,,,,,,22.97,21.1,13.0,30.0,19.0,58.0,73.0,38.6,58.5
331.0,205.0,205.0,10.1,10.9,2.53,2.49,6.5,6.28,-0.22,,,,,,21.33,20.6,256.0,210.0,435.0,469.0,361.0,346.2,40.8
332.0,205.0,205.0,,,,,,,,,,,,,,,,,,,,,
333.0,205.0,205.0,10.0,11.0,2.83,2.67,7.24,6.97,-0.27,,,,,,23.75,22.87,77.0,304.0,43.0,114.0,392.0,186.0,71.3
334.0,205.0,205.0,,,,,,,,,,,,,,,,,,,,,
335.0,205.0,205.0,,,,,,,,,,,,,,,,,,,,,
336.0,205.0,205.0,10.0,11.0,2.93,2.75,6.99,6.78,-0.21,,,,,,22.93,22.24,77.0,304.0,130.0,215.0,356.0,216.4,65.5
337.0,205.0,205.0,10.1,10.9,2.43,2.36,6.7,6.58,-0.12,,,,,,21.98,21.59,256.0,210.0,326.0,349.0,275.0,283.2,52.8
338.0,205.0,205.0,10.1,11.0,2.34,2.72,6.9,6.84,-0.06,,,,,,22.64,22.44,256.0,304.0,201.0,188.0,222.0,234.2,62.1
339.0,205.0,205.0,10.2,11.1,2.77,2.62,5.97,5.93,-0.04,,,,,,19.59,19.46,420.0,448.0,514.0,511.0,204.0,419.4,26.9
340.0,205.0,205.0,10.1,11.0,2.37,2.72,6.84,6.84,0.0,,,,,,22.44,22.44,256.0,304.0,228.0,188.0,182.0,231.6,62.6
341.0,205.0,205.0,10.4,11.0,2.39,2.42,6.58,6.39,-0.19,,,,,,21.59,20.96,546.0,304.0,400.0,448.0,344.0,408.4,29.0
342.0,205.0,205.0,10.1,11.1,2.43,2.75,6.7,6.72,0.02,,,,,,21.98,22.05,256.0,448.0,326.0,260.0,174.0,292.8,51.0
343.0,404.32,205.0,20.4,11.7,2.78,2.65,7.14,6.61,-0.53,,,,,,23.43,21.69,13.0,25.0,10.0,38.0,70.0,31.2,69.8
344.0,205.0,205.0,10.1,11.1,2.66,2.53,6.23,6.09,-0.14,,,,,,20.44,19.98,256.0,448.0,503.0,496.0,297.0,400.0,30.6
345.0,205.0,205.0,10.2,11.0,2.42,2.32,6.65,6.6,-0.05,,,,,,21.82,21.65,420.0,304.0,364.0,325.0,214.0,325.4,44.8
346.0,205.0,205.0,,,,,,,,,,,,,,,,,,,,,
347.0,205.0,205.0,10.0,10.3,2.46,2.38,6.7,6.91,0.21,,,,,,21.98,22.67,77.0,8.0,326.0,136.0,63.0,122.0,83.4
348.0,205.0,205.0,,,,,,,,,,,,,,,,,,,,,
349.0,205.0,205.0,10.0,10.4,2.42,2.75,6.79,7.16,0.37,,,,,,22.28,23.49,77.0,62.0,265.0,52.0,15.0,94.2,88.7
350.0,404.32,205.0,21.3,12.0,2.91,2.7,6.53,6.32,-0.21,,,,,,21.42,20.73,58.0,71.0,68.0,62.0,34.0,58.6,28.0
351.0,205.0,205.0,,,,,,,,,,,,,,,,,,,,,
352.0,205.0,205.0,10.2,11.0,2.37,2.75,6.77,6.77,0.0,,,,,,22.21,22.21,420.0,304.0,281.0,233.0,182.0,284.0,52.7
353.0,205.0,205.0,10.1,11.0,2.88,2.7,7.04,6.9,-0.14,,,,,,23.1,22.64,256.0,304.0,114.0,149.0,297.0,224.0,64.1
354.0,205.0,205.0,,,,,,,,,,,,,,,,,,,,,
355.0,205.0,205.0,,,,,,,,,,,,,,,,,,,,,
356.0,205.0,205.0,,,,,,,,,,,,,,,,,,,,,
357.0,205.0,205.0,10.1,11.0,2.86,2.67,7.1,6.97,-0.13,,,,,,23.29,22.87,256.0,304.0,90.0,114.0,288.0,210.4,66.6
358.0,205.0,205.0,10.0,11.0,2.56,2.44,6.48,6.34,-0.14,,,,,,21.26,20.8,77.0,304.0,459.0,457.0,297.0,318.8,46.1
359.0,205.0,205.0,,,,,,,,,,,,,,,,,,,,,
360.0,205.0,205.0,,,,,,,,,,,,,,,,,,,,,
361.0,205.0,205.0,10.0,10.4,2.46,2.41,6.7,6.78,0.08,,,,,,21.98,22.24,77.0,62.0,326.0,215.0,143.0,164.6,75.3
362.0,205.0,205.0,10.0,10.4,2.86,2.27,7.18,7.12,-0.06,,,,,,23.56,23.36,77.0,62.0,61.0,60.0,222.0,96.4,88.3
363.0,205.0,205.0,10.0,10.4,2.86,2.7,7.18,7.31,0.13,,,,,,23.56,23.98,77.0,62.0,61.0,17.0,121.0,67.6,93.8
364.0,205.0,205.0,10.2,11.2,2.49,2.75,6.51,6.66,0.15,,,,,,21.36,21.85,420.0,521.0,430.0,293.0,106.0,354.0,39.4
365.0,205.0,205.0,10.2,11.0,2.93,2.7,6.85,6.91,0.06,,,,,,22.47,22.67,420.0,304.0,215.0,136.0,160.0,247.0,59.7
366.0,404.32,205.0,21.4,11.6,2.77,2.56,6.82,6.89,0.07,,,,,,22.38,22.6,74.0,24.0,37.0,15.0,8.0,31.6,69.2
367.0,205.0,205.0,10.0,10.4,2.93,2.28,6.99,7.1,0.11,,,,,,22.93,23.29,77.0,62.0,130.0,66.0,133.0,93.6,88.8
368.0,205.0,205.0,10.0,10.4,2.58,2.47,6.44,6.64,0.2,,,,,,21.13,21.78,77.0,62.0,465.0,316.0,80.0,200.0,68.6
369.0,404.32,205.0,21.1,11.9,2.37,2.72,6.46,6.32,-0.14,,,,,,21.19,20.73,33.0,48.0,72.0,62.0,24.0,47.8,44.5
370.0,205.0,205.0,,,,,,,,,,,,,,,,,,,,,
371.0,205.0,205.0,10.1,11.1,2.43,2.75,6.7,6.72,0.02,,,,,,21.98,22.05,256.0,448.0,326.0,260.0,174.0,292.8,51.0
372.0,205.0,205.0,9.3,10.8,2.43,2.72,7.27,6.99,-0.28,,,,,,23.85,22.93,1.0,169.0,38.0,105.0,400.0,142.6,79.5
373.0,205.0,205.0,10.1,10.9,2.86,2.7,7.1,6.98,-0.12,,,,,,23.29,22.9,256.0,210.0,90.0,107.0,275.0,187.6,71.0
374.0,205.0,205.0,,,,,,,,,,,,,,,,,,,,,
375.0,205.0,205.0,10.3,11.1,2.92,2.67,6.83,6.91,0.08,,,,,,22.41,22.67,514.0,448.0,245.0,136.0,143.0,297.2,50.2
376.0,205.0,205.0,,,,,,,,,,,,,,,,,,,,,
377.0,205.0,205.0,,,,,,,,,,,,,,,,,,,,,
378.0,205.0,205.0,10.1,10.9,2.49,2.63,6.58,6.02,-0.56,,,,,,21.59,19.75,256.0,210.0,400.0,504.0,487.0,371.4,36.1
379.0,205.0,205.0,9.4,10.8,2.43,2.27,7.2,6.85,-0.35,,,,,,23.62,22.47,7.0,169.0,48.0,173.0,422.0,163.8,75.5
380.0,205.0,205.0,10.0,10.3,2.88,2.61,7.11,7.62,0.51,,,,,,23.33,25.0,77.0,8.0,83.0,2.0,4.0,34.8,100.0
381.0,205.0,205.0,,,,,,,,,,,,,,,,,,,,,
382.0,205.0,205.0,,,,,,,,,,,,,,,,,,,,,
383.0,205.0,205.0,,,,,,,,,,,,,,,,,,,,,
384.0,205.0,205.0,10.1,10.9,2.55,2.38,6.43,6.53,0.1,,,,,,21.1,21.42,256.0,210.0,475.0,375.0,139.0,291.0,51.3
385.0,205.0,205.0,10.4,11.8,2.83,2.67,6.96,6.5,-0.46,,,,,,22.83,21.33,546.0,549.0,161.0,403.0,467.0,425.2,25.8
386.0,404.32,205.0,21.0,12.0,2.34,2.72,6.55,6.27,-0.28,,,,,,21.49,20.57,22.0,71.0,67.0,67.0,45.0,54.4,34.4
387.0,205.0,205.0,10.0,10.4,2.91,2.67,7.05,7.37,0.32,,,,,,23.13,24.18,77.0,62.0,103.0,11.0,26.0,55.8,96.0
388.0,205.0,205.0,10.2,11.0,2.86,2.72,7.03,6.84,-0.19,,,,,,23.06,22.44,420.0,304.0,126.0,188.0,344.0,276.4,54.1
389.0,205.0,205.0,10.0,10.4,2.39,2.28,6.85,7.1,0.25,,,,,,22.47,23.29,77.0,62.0,215.0,66.0,50.0,94.0,88.8
390.0,205.0,205.0,,,,,,,,,,,,,,,,,,,,,
391.0,205.0,205.0,9.3,10.7,2.62,2.52,6.86,6.34,-0.52,,,,,,22.51,20.8,1.0,153.0,213.0,457.0,481.0,261.0,57.0
392.0,205.0,205.0,10.0,10.4,2.55,2.44,6.5,6.7,0.2,,,,,,21.33,21.98,77.0,62.0,435.0,282.0,80.0,187.2,71.1
393.0,205.0,205.0,10.0,11.0,2.55,2.47,6.5,6.28,-0.22,,,,,,21.33,20.6,77.0,304.0,435.0,469.0,361.0,329.2,44.1
394.0,205.0,205.0,10.2,11.0,2.37,2.28,6.77,6.71,-0.06,,,,,,22.21,22.01,420.0,304.0,281.0,271.0,222.0,299.6,49.7
395.0,205.0,205.0,10.1,10.3,,,,,,,,,,,,,,,,,,,
396.0,205.0,205.0,10.0,11.0,2.53,2.36,6.56,6.52,-0.04,,,,,,21.52,21.39,77.0,304.0,418.0,393.0,204.0,279.2,53.6
397.0,205.0,205.0,10.2,11.2,2.91,2.56,6.91,5.99,-0.92,,,,,,22.67,19.65,420.0,521.0,173.0,505.0,512.0,426.2,25.7
398.0,205.0,205.0,10.0,10.4,2.8,2.65,7.32,7.43,0.11,,,,,,24.02,24.38,77.0,62.0,28.0,8.0,133.0,61.6,94.9
399.0,205.0,205.0,,,,,,,,,,,,,,,,,,,,,
400.0,205.0,205.0,10.4,11.9,2.37,2.75,6.64,6.27,-0.37,,,,,,21.78,20.57,546.0,560.0,370.0,480.0,436.0,478.4,15.7
401.0,205.0,205.0,10.1,11.0,2.88,2.27,7.04,6.73,-0.31,,,,,,23.1,22.08,256.0,304.0,114.0,250.0,413.0,267.4,55.8
402.0,205.0,205.0,10.1,11.0,2.42,2.68,6.72,6.95,0.23,,,,,,22.05,22.8,256.0,304.0,312.0,131.0,56.0,211.8,66.4
403.0,205.0,205.0,10.1,11.0,2.34,2.72,6.9,6.84,-0.06,,,,,,22.64,22.44,256.0,304.0,201.0,188.0,222.0,234.2,62.1
404.0,205.0,205.0,,,,,,,,,,,,,,,,,,,,,
405.0,205.0,205.0,10.0,10.4,2.42,2.75,6.79,7.16,0.37,,,,,,22.28,23.49,77.0,62.0,265.0,52.0,15.0,94.2,88.7
406.0,205.0,205.0,10.0,11.1,2.55,2.5,6.5,6.15,-0.35,,,,,,21.33,20.18,77.0,448.0,435.0,491.0,422.0,374.6,35.5
407.0,205.0,205.0,10.1,11.0,2.88,,7.04,7.0,-0.04,,,,,,23.1,22.97,256.0,304.0,114.0,104.0,204.0,196.4,69.3
408.0,205.0,205.0,10.0,10.3,2.34,2.7,6.97,7.36,0.39,,,,,,22.87,24.15,77.0,8.0,147.0,15.0,11.0,51.6,96.8
409.0,205.0,205.0,10.1,10.9,2.63,2.52,7.71,7.47,-0.24,,,,,,25.3,24.51,256.0,210.0,3.0,4.0,375.0,169.6,74.4
410.0,205.0,205.0,10.0,10.4,2.55,2.47,6.5,6.64,0.14,,,,,,21.33,21.78,77.0,62.0,435.0,316.0,110.0,200.0,68.6
411.0,205.0,205.0,10.2,11.0,2.8,2.6,7.18,7.16,-0.02,,,,,,23.56,23.49,420.0,304.0,61.0,52.0,196.0,206.6,67.4
412.0,205.0,205.0,10.1,10.3,2.86,2.72,7.1,7.3,0.2,,,,,,23.29,23.95,256.0,8.0,90.0,19.0,80.0,90.6,89.4
413.0,205.0,205.0,,,,,,,,,,,,,,,,,,,,,
414.0,205.0,205.0,,,,,,,,,,,,,,,,,,,,,
415.0,205.0,205.0,10.1,10.9,,,,,,,,,,,,,,,,,,,
416.0,205.0,205.0,9.4,10.8,2.55,2.44,6.91,6.45,-0.46,,,,,,22.67,21.16,7.0,169.0,173.0,428.0,467.0,248.8,59.3
417.0,205.0,205.0,10.2,11.0,2.49,2.38,6.51,6.47,-0.04,,,,,,21.36,21.23,420.0,304.0,430.0,410.0,204.0,353.6,39.4
418.0,205.0,205.0,10.2,11.0,2.37,2.75,6.77,6.77,0.0,,,,,,22.21,22.21,420.0,304.0,281.0,233.0,182.0,284.0,52.7
419.0,205.0,205.0,9.4,10.8,2.43,2.3,7.2,6.78,-0.42,,,,,,23.62,22.24,7.0,169.0,48.0,215.0,451.0,178.0,72.8
420.0,205.0,205.0,,,,,,,,,,,,,,,,,,,,,
421.0,205.0,205.0,,,,,,,,,,,,,,,,,,,,,
422.0,205.0,205.0,10.1,11.1,2.58,2.47,6.37,6.22,-0.15,,,,,,20.9,20.41,256.0,448.0,489.0,481.0,309.0,396.6,31.3
423.0,205.0,205.0,,,,,,,,,,,,,,,,,,,,,
424.0,205.0,205.0,,,,,,,,,,,,,,,,,,,,,
425.0,205.0,205.0,,,,,,,,,,,,,,,,,,,,,
426.0,205.0,205.0,10.2,11.0,2.63,2.47,6.23,6.28,0.05,,,,,,20.44,20.6,420.0,304.0,503.0,469.0,169.0,373.0,35.8
427.0,205.0,205.0,10.3,11.1,2.7,2.61,7.38,7.07,-0.31,,,,,,24.21,23.2,514.0,448.0,16.0,79.0,413.0,294.0,50.8
428.0,205.0,205.0,10.0,10.4,2.58,2.43,6.44,6.72,0.28,,,,,,21.13,22.05,77.0,62.0,465.0,260.0,34.0,179.6,72.5
429.0,205.0,205.0,10.2,11.0,2.72,2.62,7.38,7.1,-0.28,,,,,,24.21,23.29,420.0,304.0,16.0,66.0,400.0,241.2,60.8
430.0,205.0,205.0,11.4,11.8,2.91,2.36,6.19,6.08,-0.11,,,,,,20.31,19.95,565.0,549.0,511.0,502.0,263.0,478.0,15.8
431.0,205.0,205.0,10.2,11.1,2.75,2.49,7.3,6.17,-1.13,,,,,,23.95,20.24,420.0,448.0,33.0,490.0,514.0,381.0,34.2
432.0,205.0,205.0,10.1,11.0,2.88,2.72,7.04,6.84,-0.2,,,,,,23.1,22.44,256.0,304.0,114.0,188.0,352.0,242.8,60.5
433.0,404.32,205.0,20.3,11.8,2.39,2.32,6.65,6.15,-0.5,,,,,,21.82,20.18,5.0,30.0,56.0,73.0,69.0,46.6,46.3
434.0,205.0,205.0,10.0,10.4,2.86,2.67,7.18,7.37,0.19,,,,,,23.56,24.18,77.0,62.0,61.0,11.0,96.0,61.4,94.9
435.0,205.0,205.0,10.1,11.0,2.37,2.28,6.84,6.71,-0.13,,,,,,22.44,22.01,256.0,304.0,228.0,271.0,288.0,269.4,55.4
436.0,205.0,205.0,10.0,10.3,2.34,2.36,6.97,6.97,0.0,,,,,,22.87,22.87,77.0,8.0,147.0,114.0,182.0,105.6,86.6
437.0,205.0,205.0,9.4,10.7,2.37,2.3,7.35,6.84,-0.51,,,,,,24.11,22.44,7.0,153.0,22.0,188.0,478.0,169.6,74.4
438.0,205.0,205.0,10.2,11.0,2.78,2.65,7.24,7.03,-0.21,,,,,,23.75,23.06,420.0,304.0,43.0,90.0,356.0,242.6,60.5
439.0,205.0,205.0,,,,,,,,,,,,,,,,,,,,,
440.0,205.0,205.0,10.0,10.3,2.42,2.32,6.79,7.05,0.26,,,,,,22.28,23.13,77.0,8.0,265.0,80.0,46.0,95.2,88.5
441.0,205.0,205.0,,,,,,,,,,,,,,,,,,,,,
442.0,205.0,205.0,10.0,10.3,2.91,2.67,7.05,7.44,0.39,,,,,,23.13,24.41,77.0,8.0,103.0,5.0,11.0,40.8,98.9
443.0,205.0,205.0,,,,,,,,,,,,,,,,,,,,,
444.0,404.32,205.0,21.2,11.9,2.8,2.65,6.81,6.49,-0.32,,,,,,22.34,21.29,48.0,48.0,39.0,48.0,52.0,47.0,45.7
445.0,205.0,205.0,9.4,10.7,2.58,2.41,6.85,6.59,-0.26,,,,,,22.47,21.62,7.0,153.0,215.0,337.0,386.0,219.6,64.9
446.0,205.0,205.0,10.0,10.4,2.49,2.38,6.64,6.84,0.2,,,,,,21.78,22.44,77.0,62.0,370.0,188.0,80.0,155.4,77.1
447.0,205.0,205.0,,,,,,,,,,,,,,,,,,,,,
448.0,205.0,205.0,10.2,11.1,2.92,2.28,6.89,6.65,-0.24,,,,,,22.6,21.82,420.0,448.0,208.0,298.0,375.0,349.8,40.2
449.0,205.0,205.0,9.4,10.8,2.46,2.27,7.13,6.85,-0.28,,,,,,23.39,22.47,7.0,169.0,71.0,173.0,400.0,164.0,75.5
450.0,205.0,205.0,,,,,,,,,,,,,,,,,,,,,
451.0,205.0,205.0,,,,,,,,,,,,,,,,,,,,,
452.0,205.0,205.0,10.4,11.7,2.46,2.28,6.45,6.31,-0.14,,,,,,21.16,20.7,546.0,537.0,460.0,464.0,297.0,460.8,19.1
453.0,404.32,205.0,20.2,11.1,2.8,2.65,7.15,6.96,-0.19,,,,,,23.46,22.83,3.0,4.0,9.0,9.0,32.0,11.4,100.0
454.0,205.0,205.0,,,,,,,,,,,,,,,,,,,,,
455.0,205.0,205.0,10.0,10.4,2.91,2.72,7.05,7.23,0.18,,,,,,23.13,23.72,77.0,62.0,103.0,29.0,100.0,74.2,92.5
456.0,205.0,205.0,10.2,11.1,2.91,2.3,6.91,6.59,-0.32,,,,,,22.67,21.62,420.0,448.0,173.0,337.0,418.0,359.2,38.4
457.0,205.0,205.0,,,,,,,,,,,,,,,,,,,,,
458.0,205.0,205.0,10.1,11.1,2.37,2.28,6.84,6.65,-0.19,,,,,,22.44,21.82,256.0,448.0,228.0,298.0,344.0,314.8,46.8
459.0,205.0,205.0,10.0,10.4,2.43,2.72,6.77,7.23,0.46,,,,,,22.21,23.72,77.0,62.0,281.0,29.0,8.0,91.4,89.2
460.0,205.0,205.0,,,,,,,,,,,,,,,,,,,,,
461.0,205.0,205.0,10.1,11.0,2.88,2.7,7.04,6.91,-0.13,,,,,,23.1,22.67,256.0,304.0,114.0,136.0,288.0,219.6,64.9
462.0,205.0,205.0,10.0,10.4,2.49,2.44,6.64,6.7,0.06,,,,,,21.78,21.98,77.0,62.0,370.0,282.0,160.0,190.2,70.5
463.0,205.0,205.0,10.1,10.9,2.49,2.27,6.58,6.79,0.21,,,,,,21.59,22.28,256.0,210.0,400.0,210.0,63.0,227.8,63.3
464.0,205.0,205.0,10.1,10.9,2.37,2.3,6.84,6.71,-0.13,,,,,,22.44,22.01,256.0,210.0,228.0,271.0,288.0,250.6,59.0
465.0,205.0,205.0,10.2,11.0,2.34,2.7,6.83,6.91,0.08,,,,,,22.41,22.67,420.0,304.0,245.0,136.0,143.0,249.6,59.2
466.0,205.0,205.0,9.4,10.7,2.43,2.27,7.2,6.92,-0.28,,,,,,23.62,22.7,7.0,153.0,48.0,133.0,400.0,148.2,78.5
467.0,205.0,205.0,10.0,11.0,2.58,2.47,6.44,6.28,-0.16,,,,,,21.13,20.6,77.0,304.0,465.0,469.0,314.0,325.8,44.7
468.0,205.0,205.0,10.1,10.9,2.52,2.36,6.52,6.58,0.06,,,,,,21.39,21.59,256.0,210.0,428.0,349.0,160.0,280.6,53.3
469.0,205.0,205.0,,,,,,,,,,,,,,,,,,,,,
470.0,205.0,205.0,,,,,,,,,,,,,,,,,,,,,
471.0,404.32,205.0,21.4,11.9,2.8,2.65,6.74,6.49,-0.25,,,,,,22.11,21.29,74.0,48.0,47.0,48.0,41.0,51.6,38.7
472.0,404.32,205.0,21.0,11.1,2.85,2.7,6.76,6.85,0.09,,,,,,22.18,22.47,22.0,4.0,45.0,17.0,6.0,18.8,88.7
473.0,205.0,205.0,10.2,11.1,2.34,2.3,6.83,6.59,-0.24,,,,,,22.41,21.62,420.0,448.0,245.0,337.0,375.0,365.0,37.3
474.0,205.0,205.0,9.4,10.8,2.53,2.33,6.98,6.7,-0.28,,,,,,22.9,21.98,7.0,169.0,135.0,282.0,400.0,198.6,68.9
475.0,205.0,205.0,10.0,10.4,2.52,2.47,6.58,6.64,0.06,,,,,,21.59,21.78,77.0,62.0,400.0,316.0,160.0,203.0,68.0
476.0,205.0,205.0,9.4,10.8,2.37,2.3,7.35,6.78,-0.57,,,,,,24.11,22.24,7.0,169.0,22.0,215.0,489.0,180.4,72.3
477.0,205.0,205.0,10.0,10.4,2.46,2.36,6.7,6.9,0.2,,,,,,21.98,22.64,77.0,62.0,326.0,149.0,80.0,138.8,80.2
478.0,205.0,205.0,10.1,10.9,2.4,2.33,6.76,6.64,-0.12,,,,,,22.18,21.78,256.0,210.0,303.0,316.0,275.0,272.0,54.9
479.0,205.0,205.0,10.1,10.9,2.91,2.28,6.98,6.77,-0.21,,,,,,22.9,22.21,256.0,210.0,135.0,233.0,356.0,238.0,61.4
480.0,205.0,205.0,,,,,,,,,,,,,,,,,,,,,
481.0,205.0,205.0,10.3,11.0,2.43,2.33,6.57,6.58,0.01,,,,,,21.56,21.59,514.0,304.0,412.0,349.0,179.0,351.6,39.8
482.0,205.0,205.0,10.0,10.3,2.37,2.3,6.91,7.11,0.2,,,,,,22.67,23.33,77.0,8.0,173.0,62.0,80.0,80.0,91.4
483.0,205.0,205.0,10.0,10.4,2.37,2.72,6.91,7.23,0.32,,,,,,22.67,23.72,77.0,62.0,173.0,29.0,26.0,73.4,92.7
484.0,205.0,205.0,10.2,11.2,2.46,2.32,6.57,6.48,-0.09,,,,,,21.56,21.26,420.0,521.0,412.0,406.0,249.0,401.6,30.3
485.0,205.0,205.0,10.2,11.1,2.88,2.7,6.97,6.85,-0.12,,,,,,22.87,22.47,420.0,448.0,147.0,173.0,275.0,292.6,51.0
486.0,205.0,205.0,,,,,,,,,,,,,,,,,,,,,
487.0,205.0,205.0,,,,,,,,,,,,,,,,,,,,,
488.0,404.32,205.0,21.2,11.9,2.4,2.52,6.35,6.84,0.49,,,,,,20.83,22.44,48.0,48.0,74.0,18.0,2.0,38.0,59.4
489.0,404.32,205.0,21.0,11.3,2.78,2.58,6.93,7.02,0.09,,,,,,22.74,23.03,22.0,12.0,23.0,5.0,6.0,13.6,96.6
490.0,205.0,205.0,10.0,11.0,2.46,2.75,6.7,6.77,0.07,,,,,,21.98,22.21,77.0,304.0,326.0,233.0,151.0,218.2,65.2
491.0,205.0,205.0,,,,,,,,,,,,,,,,,,,,,
492.0,205.0,205.0,10.1,11.1,2.37,2.7,6.84,6.83,-0.01,,,,,,22.44,22.41,256.0,448.0,228.0,204.0,191.0,265.4,56.2
493.0,205.0,205.0,10.2,11.1,,,,,,,,,,,,,,,,,,,
494.0,205.0,205.0,10.3,11.7,2.49,2.44,6.45,5.96,-0.49,,,,,,21.16,19.55,514.0,537.0,460.0,508.0,475.0,498.8,11.9
495.0,205.0,205.0,10.0,11.0,2.49,2.42,6.64,6.39,-0.25,,,,,,21.78,20.96,77.0,304.0,370.0,448.0,381.0,316.0,46.6
496.0,205.0,205.0,10.0,11.0,2.4,2.27,6.83,6.73,-0.1,,,,,,22.41,22.08,77.0,304.0,245.0,250.0,258.0,226.8,63.5
497.0,205.0,205.0,10.0,11.0,2.52,2.38,6.58,6.47,-0.11,,,,,,21.59,21.23,77.0,304.0,400.0,410.0,263.0,290.8,51.4
498.0,205.0,205.0,,,,,,,,,,,,,,,,,,,,,
499.0,205.0,205.0,10.0,10.4,2.37,2.3,6.91,7.04,0.13,,,,,,22.67,23.1,77.0,62.0,173.0,85.0,121.0,103.6,86.9
500.0,404.32,205.0,21.1,11.3,2.78,2.56,6.9,7.09,0.19,,,,,,22.64,23.26,33.0,12.0,28.0,2.0,4.0,15.8,93.3
501.0,205.0,205.0,10.1,11.2,2.86,2.68,7.1,6.83,-0.27,,,,,,23.29,22.41,256.0,521.0,90.0,204.0,392.0,292.6,51.0
502.0,205.0,205.0,10.0,10.3,2.55,2.44,6.5,6.77,0.27,,,,,,21.33,22.21,77.0,8.0,435.0,233.0,37.0,158.0,76.6
503.0,205.0,205.0,10.2,11.0,2.58,2.47,6.31,6.28,-0.03,,,,,,20.7,20.6,420.0,304.0,496.0,469.0,201.0,378.0,34.8
504.0,404.32,205.0,21.1,11.3,2.65,2.56,7.22,7.08,-0.14,,,,,,23.69,23.23,33.0,12.0,3.0,3.0,24.0,15.0,94.5
505.0,205.0,205.0,9.4,10.9,2.53,2.35,6.98,6.6,-0.38,,,,,,22.9,21.65,7.0,210.0,135.0,325.0,439.0,223.2,64.2
506.0,205.0,205.0,10.0,10.3,2.39,2.32,6.85,7.05,0.2,,,,,,22.47,23.13,77.0,8.0,215.0,80.0,80.0,92.0,89.1
507.0,205.0,205.0,10.3,11.7,2.92,2.7,6.83,6.48,-0.35,,,,,,22.41,21.26,514.0,537.0,245.0,406.0,422.0,424.8,25.9
508.0,205.0,205.0,9.3,10.8,2.39,2.29,7.36,6.8,-0.56,,,,,,24.15,22.31,1.0,169.0,21.0,209.0,487.0,177.4,72.9
509.0,205.0,205.0,,,,,,,,,,,,,,,,,,,,,
510.0,205.0,205.0,10.1,10.9,2.37,2.35,6.84,6.6,-0.24,,,,,,22.44,21.65,256.0,210.0,228.0,325.0,375.0,278.8,53.7
511.0,205.0,205.0,10.0,11.0,2.58,2.47,6.44,6.28,-0.16,,,,,,21.13,20.6,77.0,304.0,465.0,469.0,314.0,325.8,44.7
512.0,205.0,205.0,10.1,11.0,2.43,2.38,6.7,6.47,-0.23,,,,,,21.98,21.23,256.0,304.0,326.0,410.0,369.0,333.0,43.4
513.0,404.32,205.0,21.1,11.9,2.93,2.75,6.53,6.25,-0.28,,,,,,21.42,20.51,33.0,48.0,68.0,69.0,45.0,52.6,37.2
514.0,205.0,205.0,10.0,10.4,2.52,2.41,6.58,6.78,0.2,,,,,,21.59,22.24,77.0,62.0,400.0,215.0,80.0,166.8,74.9
515.0,205.0,205.0,10.1,11.0,2.46,2.41,6.64,6.41,-0.23,,,,,,21.78,21.03,256.0,304.0,370.0,435.0,369.0,346.8,40.7
516.0,205.0,205.0,,,,,,,,,,,,,,,,,,,,,
517.0,205.0,205.0,10.2,11.1,2.39,2.3,6.71,6.59,-0.12,,,,,,22.01,21.62,420.0,448.0,317.0,337.0,275.0,359.4,38.3
518.0,205.0,205.0,10.0,10.3,,,,,,,,,,,,,,,,,,,
519.0,205.0,205.0,9.4,10.8,,,,,,,,,,,,,,,,,,,
520.0,205.0,205.0,10.1,11.1,,,,,,,,,,,,,,,,,,,
521.0,205.0,205.0,10.3,11.0,2.34,2.32,6.77,6.6,-0.17,,,,,,22.21,21.65,514.0,304.0,281.0,325.0,325.0,349.8,40.2
522.0,205.0,205.0,,,,,,,,,,,,,,,,,,,,,
523.0,205.0,205.0,10.1,10.9,2.4,2.36,6.76,6.58,-0.18,,,,,,22.18,21.59,256.0,210.0,303.0,349.0,336.0,290.8,51.4
524.0,205.0,205.0,10.4,11.9,2.75,2.3,7.17,6.15,-1.02,,,,,,23.52,20.18,546.0,560.0,68.0,491.0,513.0,435.6,23.9
525.0,205.0,205.0,10.1,10.9,2.75,2.36,7.38,6.58,-0.8,,,,,,24.21,21.59,256.0,210.0,16.0,349.0,510.0,268.2,55.7
526.0,205.0,205.0,9.4,10.7,,,,,,,,,,,,,,,,,,,
527.0,205.0,205.0,10.0,10.4,2.85,2.72,7.2,7.25,0.05,,,,,,23.62,23.79,77.0,62.0,48.0,24.0,169.0,76.0,92.2
528.0,205.0,205.0,10.2,11.2,2.75,2.54,7.32,7.21,-0.11,,,,,,24.02,23.65,420.0,521.0,28.0,38.0,263.0,254.0,58.4
529.0,205.0,205.0,,,,,,,,,,,,,,,,,,,,,
530.0,205.0,205.0,10.0,10.3,2.55,2.43,6.5,6.79,0.29,,,,,,21.33,22.28,77.0,8.0,435.0,210.0,32.0,152.4,77.7
531.0,205.0,205.0,10.1,10.9,,,,,,,,,,,,,,,,,,,
532.0,205.0,205.0,10.2,11.0,,,,,,,,,,,,,,,,,,,
533.0,205.0,205.0,9.4,10.8,2.55,2.41,6.91,6.53,-0.38,,,,,,22.67,21.42,7.0,169.0,173.0,375.0,439.0,232.6,62.4
534.0,205.0,205.0,10.0,10.4,2.46,2.63,6.7,6.31,-0.39,,,,,,21.98,20.7,77.0,62.0,326.0,464.0,446.0,275.0,54.4
535.0,205.0,205.0,10.1,11.0,2.85,2.7,7.12,6.91,-0.21,,,,,,23.36,22.67,256.0,304.0,80.0,136.0,356.0,226.4,63.6
536.0,205.0,205.0,10.1,11.0,2.55,2.41,6.43,6.41,-0.02,,,,,,21.1,21.03,256.0,304.0,475.0,435.0,196.0,333.2,43.3
537.0,404.32,205.0,20.3,11.0,2.85,2.28,6.99,6.71,-0.28,,,,,,22.93,22.01,5.0,3.0,21.0,29.0,45.0,20.6,86.0
538.0,205.0,205.0,10.4,11.8,2.46,2.42,6.45,5.96,-0.49,,,,,,21.16,19.55,546.0,549.0,460.0,508.0,475.0,507.6,10.2
539.0,205.0,205.0,10.0,10.4,2.43,2.35,6.77,6.92,0.15,,,,,,22.21,22.7,77.0,62.0,281.0,133.0,106.0,131.8,81.6
540.0,205.0,205.0,10.2,10.9,2.52,2.47,6.45,6.34,-0.11,,,,,,21.16,20.8,420.0,210.0,460.0,457.0,263.0,362.0,37.8
541.0,205.0,205.0,10.2,11.0,2.42,2.3,6.65,6.65,0.0,,,,,,21.82,21.82,420.0,304.0,364.0,298.0,182.0,313.6,47.0
542.0,404.32,205.0,21.1,11.2,2.8,2.65,6.84,6.9,0.06,,,,,,22.44,22.64,33.0,8.0,33.0,11.0,10.0,19.0,88.4
543.0,205.0,205.0,10.1,10.9,2.82,2.67,7.19,7.03,-0.16,,,,,,23.59,23.06,256.0,210.0,58.0,90.0,314.0,185.6,71.4
544.0,205.0,205.0,10.1,10.9,,,,,,,,,,,,,,,,,,,
545.0,205.0,205.0,10.3,11.7,2.39,2.72,6.65,6.43,-0.22,,,,,,21.82,21.1,514.0,537.0,364.0,431.0,361.0,441.4,22.8
546.0,205.0,205.0,10.2,11.2,,,,,,,,,,,,,,,,,,,
547.0,205.0,205.0,10.1,11.0,2.42,2.38,6.72,6.47,-0.25,,,,,,22.05,21.23,256.0,304.0,312.0,410.0,381.0,332.6,43.4
548.0,205.0,205.0,10.0,10.4,,,,,,,,,,,,,,,,,,,
549.0,205.0,205.0,,,,,,,,,,,,,,,,,,,,,
550.0,205.0,205.0,10.2,11.2,,,,,,,,,,,,,,,,,,,
551.0,205.0,205.0,,,,,,,,,,,,,,,,,,,,,
552.0,205.0,205.0,10.2,11.1,,,,,,,,,,,,,,,,,,,
553.0,205.0,205.0,10.4,11.6,2.88,2.72,6.84,6.49,-0.35,,,,,,22.44,21.29,546.0,535.0,228.0,404.0,422.0,427.0,25.5
554.0,205.0,205.0,,,,,,,,,,,,,,,,,,,,,
555.0,205.0,205.0,10.2,11.1,2.58,2.43,6.31,6.3,-0.01,,,,,,20.7,20.67,420.0,448.0,496.0,467.0,191.0,404.4,29.8
556.0,205.0,205.0,,,,,,,,,,,,,,,,,,,,,
557.0,205.0,205.0,,,,,,,,,,,,,,,,,,,,,
558.0,205.0,205.0,10.0,10.3,2.49,2.36,6.64,6.97,0.33,,,,,,21.78,22.87,77.0,8.0,370.0,114.0,21.0,118.0,84.2
559.0,205.0,205.0,10.0,10.2,2.46,2.36,6.7,7.03,0.33,,,,,,21.98,23.06,77.0,1.0,326.0,90.0,21.0,103.0,87.0
560.0,205.0,205.0,10.1,11.0,2.46,2.35,6.64,6.54,-0.1,,,,,,21.78,21.46,256.0,304.0,370.0,367.0,258.0,311.0,47.5
561.0,205.0,205.0,9.4,10.9,2.37,,7.35,,,,,,,,24.11,,,,,,,,
562.0,404.32,205.0,21.4,11.8,,,,,,,,,,,,,,,,,,,
563.0,205.0,205.0,10.0,10.4,,,,,,,,,,,,,,,,,,,
564.0,205.0,205.0,10.1,10.9,2.53,2.41,6.5,6.47,-0.03,,,,,,21.33,21.23,256.0,210.0,435.0,410.0,201.0,302.4,49.2
565.0,205.0,205.0,,,,,,,,,,,,,,,,,,,,,
566.0,205.0,205.0,,,,,,,,,,,,,,,,,,,,,
567.0,205.0,205.0,10.1,11.9,2.88,2.6,7.04,6.62,-0.42,,,,,,23.1,21.72,256.0,560.0,114.0,324.0,451.0,341.0,41.8
568.0,205.0,205.0,10.0,10.4,2.46,2.75,6.7,7.18,0.48,,,,,,21.98,23.56,77.0,62.0,326.0,42.0,6.0,102.6,87.1
569.0,205.0,205.0,,,,,,,,,,,,,,,,,,,,,
570.0,205.0,205.0,10.4,11.7,,,,,,,,,,,,,,,,,,,
571.0,205.0,205.0,10.0,11.0,2.63,2.38,6.36,6.47,0.11,,,,,,20.87,21.23,77.0,304.0,492.0,410.0,133.0,283.2,52.8
572.0,205.0,205.0,9.4,10.8,2.39,2.27,7.28,6.85,-0.43,,,,,,23.88,22.47,7.0,169.0,35.0,173.0,457.0,168.2,74.7
573.0,404.32,205.0,21.0,12.0,2.88,2.7,6.68,6.32,-0.36,,,,,,21.92,20.73,22.0,71.0,53.0,62.0,54.0,52.4,37.5
574.0,205.0,205.0,10.0,10.2,,,,,,,,,,,,,,,,,,,
575.0,205.0,205.0,10.1,11.1,2.4,2.28,6.76,6.65,-0.11,,,,,,22.18,21.82,256.0,448.0,303.0,298.0,263.0,313.6,47.0
576.0,205.0,205.0,9.4,10.8,,,,,,,,,,,,,,,,,,,
577.0,205.0,205.0,10.1,10.9,2.43,2.38,6.7,6.53,-0.17,,,,,,21.98,21.42,256.0,210.0,326.0,375.0,325.0,298.4,49.9
578.0,205.0,205.0,10.0,10.4,2.53,2.36,6.56,6.9,0.34,,,,,,21.52,22.64,77.0,62.0,418.0,149.0,19.0,145.0,79.1
579.0,205.0,205.0,,,,,,,,,,,,,,,,,,,,,
580.0,205.0,205.0,,,,,,,,,,,,,,,,,,,,,
581.0,205.0,205.0,10.2,11.1,2.77,2.65,7.26,6.96,-0.3,,,,,,23.82,22.83,420.0,448.0,39.0,126.0,410.0,288.6,51.8
582.0,205.0,205.0,10.0,10.4,2.37,2.32,6.91,6.98,0.07,,,,,,22.67,22.9,77.0,62.0,173.0,107.0,151.0,114.0,85.0
583.0,205.0,205.0,10.1,10.9,2.39,2.67,6.78,7.03,0.25,,,,,,22.24,23.06,256.0,210.0,273.0,90.0,50.0,175.8,73.2
584.0,205.0,205.0,,,,,,,,,,,,,,,,,,,,,
585.0,205.0,205.0,10.3,10.9,2.88,2.7,6.91,6.96,0.05,,,,,,22.67,22.83,514.0,210.0,173.0,126.0,169.0,238.4,61.3
586.0,205.0,205.0,10.0,10.3,2.53,2.41,6.56,6.85,0.29,,,,,,21.52,22.47,77.0,8.0,418.0,173.0,32.0,141.6,79.7
587.0,205.0,205.0,10.0,10.3,2.86,2.67,7.18,7.44,0.26,,,,,,23.56,24.41,77.0,8.0,61.0,5.0,46.0,39.4,99.1
588.0,205.0,205.0,10.2,11.0,2.91,2.3,6.91,6.65,-0.26,,,,,,22.67,21.82,420.0,304.0,173.0,298.0,386.0,316.2,46.5
589.0,205.0,205.0,10.1,11.0,2.43,2.3,6.7,6.65,-0.05,,,,,,21.98,21.82,256.0,304.0,326.0,298.0,214.0,279.6,53.5
590.0,404.32,205.0,21.1,11.9,2.8,2.67,6.84,6.44,-0.4,,,,,,22.44,21.13,33.0,48.0,33.0,55.0,58.0,45.4,48.1
591.0,205.0,205.0,,,,,,,,,,,,,,,,,,,,,
592.0,404.32,205.0,21.3,12.0,2.58,2.46,7.35,6.95,-0.4,,,,,,24.11,22.8,58.0,71.0,2.0,10.0,58.0,39.8,56.7
593.0,205.0,205.0,10.1,10.9,2.43,2.36,6.7,6.58,-0.12,,,,,,21.98,21.59,256.0,210.0,326.0,349.0,275.0,283.2,52.8
594.0,205.0,205.0,10.1,11.0,,,,,,,,,,,,,,,,,,,
595.0,205.0,205.0,9.4,10.8,2.49,2.75,7.07,6.91,-0.16,,,,,,23.2,22.67,7.0,169.0,99.0,136.0,314.0,145.0,79.1
596.0,205.0,205.0,10.1,10.9,2.42,2.36,6.72,6.58,-0.14,,,,,,22.05,21.59,256.0,210.0,312.0,349.0,297.0,284.8,52.5
597.0,205.0,205.0,,,,,,,,,,,,,,,,,,,,,
598.0,205.0,205.0,9.3,10.7,2.37,2.75,7.43,6.97,-0.46,,,,,,24.38,22.87,1.0,153.0,12.0,114.0,467.0,149.4,78.2
599.0,205.0,205.0,10.0,10.4,2.42,2.36,6.79,6.9,0.11,,,,,,22.28,22.64,77.0,62.0,265.0,149.0,133.0,137.2,80.5
600.0,205.0,205.0,10.0,10.4,,,,,,,,,,,,,,,,,,,
601.0,205.0,205.0,10.0,11.0,2.63,2.62,6.36,5.98,-0.38,,,,,,20.87,19.62,77.0,304.0,492.0,507.0,439.0,363.8,37.5
602.0,205.0,205.0,10.2,11.1,2.92,2.7,6.89,6.83,-0.06,,,,,,22.6,22.41,420.0,448.0,208.0,204.0,222.0,300.4,49.5
603.0,205.0,205.0,10.4,11.8,,,,,,,,,,,,,,,,,,,
604.0,205.0,205.0,10.4,11.7,2.88,2.7,6.84,6.48,-0.36,,,,,,22.44,21.26,546.0,537.0,228.0,406.0,429.0,429.2,25.1
605.0,205.0,205.0,10.1,11.0,2.86,2.65,7.1,7.03,-0.07,,,,,,23.29,23.06,256.0,304.0,90.0,90.0,235.0,195.0,69.6
606.0,205.0,205.0,10.1,11.3,,,,,,,,,,,,,,,,,,,
607.0,205.0,205.0,9.4,10.8,,,,,,,,,,,,,,,,,,,
608.0,205.0,205.0,,,,,,,,,,,,,,,,,,,,,
609.0,205.0,205.0,10.1,11.0,,,,,,,,,,,,,,,,,,,
610.0,404.32,205.0,20.4,11.7,2.88,2.72,6.88,6.45,-0.43,,,,,,22.57,21.16,13.0,25.0,29.0,53.0,63.0,36.6,61.6
611.0,205.0,205.0,10.0,10.4,,,,,,,,,,,,,,,,,,,
612.0,205.0,205.0,10.1,11.1,2.49,2.41,6.58,6.35,-0.23,,,,,,21.59,20.83,256.0,448.0,400.0,454.0,369.0,385.4,33.4
613.0,205.0,205.0,10.3,11.7,2.37,2.28,6.71,6.31,-0.4,,,,,,22.01,20.7,514.0,537.0,317.0,464.0,448.0,456.0,20.0
614.0,205.0,205.0,10.1,10.9,2.93,2.6,6.92,7.22,0.3,,,,,,22.7,23.69,256.0,210.0,165.0,34.0,31.0,139.2,80.2
615.0,205.0,205.0,9.4,10.8,2.63,2.67,8.29,7.1,-1.19,,,,,,27.2,23.29,7.0,169.0,1.0,66.0,515.0,151.6,77.8
616.0,404.32,205.0,21.3,11.8,2.65,2.52,7.16,6.9,-0.26,,,,,,23.49,22.64,58.0,30.0,8.0,11.0,44.0,30.2,71.3
617.0,205.0,205.0,10.1,11.0,2.72,2.63,6.11,5.96,-0.15,,,,,,20.05,19.55,256.0,304.0,513.0,508.0,309.0,378.0,34.8
618.0,205.0,205.0,10.2,11.0,2.49,2.72,6.51,6.84,0.33,,,,,,21.36,22.44,420.0,304.0,430.0,188.0,21.0,272.6,54.8
619.0,205.0,205.0,,,,,,,,,,,,,,,,,,,,,
620.0,205.0,205.0,10.0,10.3,2.58,2.49,6.44,6.65,0.21,,,,,,21.13,21.82,77.0,8.0,465.0,298.0,63.0,182.2,72.0
621.0,205.0,205.0,,,,,,,,,,,,,,,,,,,,,
622.0,205.0,205.0,10.0,10.4,2.55,2.47,6.5,6.64,0.14,,,,,,21.33,21.78,77.0,62.0,435.0,316.0,110.0,200.0,68.6
623.0,205.0,205.0,10.1,11.0,2.82,2.75,7.19,6.78,-0.41,,,,,,23.59,22.24,256.0,304.0,58.0,215.0,449.0,256.4,57.9
624.0,205.0,205.0,,,,,,,,,,,,,,,,,,,,,
625.0,205.0,205.0,,,,,,,,,,,,,,,,,,,,,
626.0,205.0,205.0,10.2,11.0,2.37,2.7,6.77,6.9,0.13,,,,,,22.21,22.64,420.0,304.0,281.0,149.0,121.0,255.0,58.2
627.0,404.32,205.0,21.2,11.9,2.72,2.54,7.0,6.79,-0.21,,,,,,22.97,22.28,48.0,48.0,19.0,19.0,34.0,33.6,66.1
628.0,404.32,205.0,20.3,11.8,2.88,2.65,6.91,6.55,-0.36,,,,,,22.67,21.49,5.0,30.0,26.0,43.0,54.0,31.6,69.2
629.0,205.0,205.0,10.2,11.1,2.37,2.32,6.77,6.54,-0.23,,,,,,22.21,21.46,420.0,448.0,281.0,367.0,369.0,377.0,35.0
630.0,404.32,205.0,21.3,11.9,2.83,2.61,6.7,6.6,-0.1,,,,,,21.98,21.65,58.0,48.0,52.0,39.0,20.0,43.4,51.2
631.0,205.0,205.0,9.4,10.7,2.43,2.32,7.2,6.78,-0.42,,,,,,23.62,22.24,7.0,153.0,48.0,215.0,451.0,174.8,73.4
632.0,205.0,205.0,,,,,,,,,,,,,,,,,,,,,
633.0,205.0,205.0,10.3,11.1,2.85,2.75,6.99,6.72,-0.27,,,,,,22.93,22.05,514.0,448.0,130.0,260.0,392.0,348.8,40.4
634.0,205.0,205.0,10.0,11.0,2.34,2.3,6.97,6.65,-0.32,,,,,,22.87,21.82,77.0,304.0,147.0,298.0,418.0,248.8,59.3
635.0,205.0,205.0,,,,,,,,,,,,,,,,,,,,,
636.0,404.32,205.0,21.3,11.8,2.7,2.61,7.04,6.65,-0.39,,,,,,23.1,21.82,58.0,30.0,16.0,33.0,57.0,38.8,58.2
637.0,205.0,205.0,10.0,10.3,2.88,2.72,7.11,7.3,0.19,,,,,,23.33,23.95,77.0,8.0,83.0,19.0,96.0,56.6,95.9
638.0,205.0,205.0,,,,,,,,,,,,,,,,,,,,,
639.0,205.0,205.0,10.0,10.3,2.88,2.67,7.11,7.44,0.33,,,,,,23.33,24.41,77.0,8.0,83.0,5.0,21.0,38.8,99.2
640.0,205.0,205.0,10.3,11.1,2.39,2.38,6.65,6.41,-0.24,,,,,,21.82,21.03,514.0,448.0,364.0,435.0,375.0,427.2,25.5
641.0,205.0,205.0,9.4,10.8,2.62,2.5,6.78,6.32,-0.46,,,,,,22.24,20.73,7.0,169.0,273.0,463.0,467.0,275.8,54.2
642.0,205.0,205.0,10.0,10.4,2.8,2.6,7.32,7.57,0.25,,,,,,24.02,24.84,77.0,62.0,28.0,3.0,50.0,44.0,98.3
643.0,205.0,205.0,10.1,11.0,2.46,2.49,6.64,6.22,-0.42,,,,,,21.78,20.41,256.0,304.0,370.0,481.0,451.0,372.4,35.9
644.0,205.0,205.0,10.1,10.9,2.42,2.38,6.72,6.53,-0.19,,,,,,22.05,21.42,256.0,210.0,312.0,375.0,344.0,299.4,49.7
645.0,205.0,205.0,10.0,11.0,2.52,2.32,6.58,6.6,0.02,,,,,,21.59,21.65,77.0,304.0,400.0,325.0,174.0,256.0,58.0
646.0,205.0,205.0,,,,,,,,,,,,,,,,,,,,,
647.0,205.0,205.0,10.0,10.3,2.55,2.44,6.5,6.77,0.27,,,,,,21.33,22.21,77.0,8.0,435.0,233.0,37.0,158.0,76.6
648.0,205.0,205.0,10.0,10.3,2.43,2.32,6.77,7.05,0.28,,,,,,22.21,23.13,77.0,8.0,281.0,80.0,34.0,96.0,88.4
649.0,205.0,205.0,10.0,10.4,2.4,2.28,6.83,7.1,0.27,,,,,,22.41,23.29,77.0,62.0,245.0,66.0,37.0,97.4,88.1
650.0,205.0,205.0,10.1,11.0,2.46,2.35,6.64,6.54,-0.1,,,,,,21.78,21.46,256.0,304.0,370.0,367.0,258.0,311.0,47.5
651.0,205.0,205.0,10.1,10.9,2.92,2.72,6.96,6.9,-0.06,,,,,,22.83,22.64,256.0,210.0,161.0,149.0,222.0,199.6,68.7
652.0,205.0,205.0,10.1,10.9,2.86,2.67,7.1,7.03,-0.07,,,,,,23.29,23.06,256.0,210.0,90.0,90.0,235.0,176.2,73.1
653.0,205.0,205.0,9.4,10.8,2.55,2.43,6.91,6.47,-0.44,,,,,,22.67,21.23,7.0,169.0,173.0,410.0,461.0,244.0,60.3
654.0,205.0,205.0,10.1,11.0,2.53,2.41,6.5,6.41,-0.09,,,,,,21.33,21.03,256.0,304.0,435.0,435.0,249.0,335.8,42.8
655.0,205.0,205.0,,,,,,,,,,,,,,,,,,,,,
656.0,205.0,205.0,10.0,11.0,2.55,2.33,6.5,6.58,0.08,,,,,,21.33,21.59,77.0,304.0,435.0,349.0,143.0,261.6,56.9
657.0,205.0,205.0,,,,,,,,,,,,,,,,,,,,,
658.0,205.0,205.0,10.0,10.4,2.91,2.75,7.05,7.16,0.11,,,,,,23.13,23.49,77.0,62.0,103.0,52.0,133.0,85.4,90.4
659.0,205.0,205.0,10.0,11.0,2.53,2.38,6.56,6.47,-0.09,,,,,,21.52,21.23,77.0,304.0,418.0,410.0,249.0,291.6,51.2
660.0,205.0,205.0,9.4,10.7,2.53,2.38,6.98,6.65,-0.33,,,,,,22.9,21.82,7.0,153.0,135.0,298.0,421.0,202.8,68.1
661.0,205.0,205.0,9.4,10.8,2.49,2.36,7.07,6.64,-0.43,,,,,,23.2,21.78,7.0,169.0,99.0,316.0,457.0,209.6,66.8
662.0,205.0,205.0,10.1,10.9,2.39,2.38,6.78,6.53,-0.25,,,,,,22.24,21.42,256.0,210.0,273.0,375.0,381.0,299.0,49.8
663.0,205.0,205.0,,,,,,,,,,,,,,,,,,,,,
664.0,404.32,205.0,21.3,11.8,2.72,2.65,6.97,6.55,-0.42,,,,,,22.87,21.49,58.0,30.0,22.0,43.0,62.0,43.0,51.8
665.0,205.0,205.0,,,,,,,,,,,,,,,,,,,,,
666.0,205.0,205.0,,,,,,,,,,,,,,,,,,,,,
667.0,205.0,205.0,10.0,10.4,2.49,2.38,6.64,6.84,0.2,,,,,,21.78,22.44,77.0,62.0,370.0,188.0,80.0,155.4,77.1
668.0,205.0,205.0,10.1,11.0,2.92,2.68,6.96,6.95,-0.01,,,,,,22.83,22.8,256.0,304.0,161.0,131.0,191.0,208.6,67.0
669.0,205.0,205.0,10.2,11.0,2.92,2.65,6.89,7.03,0.14,,,,,,22.6,23.06,420.0,304.0,208.0,90.0,110.0,226.4,63.6
670.0,205.0,205.0,,,,,,,,,,,,,,,,,,,,,
671.0,205.0,205.0,10.0,10.4,2.43,2.32,6.77,6.98,0.21,,,,,,22.21,22.9,77.0,62.0,281.0,107.0,63.0,118.0,84.2
672.0,205.0,205.0,10.2,11.1,2.34,2.65,6.83,6.96,0.13,,,,,,22.41,22.83,420.0,448.0,245.0,126.0,121.0,272.0,54.9
673.0,205.0,205.0,10.1,10.3,2.55,2.53,6.43,6.57,0.14,,,,,,21.1,21.56,256.0,8.0,475.0,363.0,110.0,242.4,60.6
674.0,205.0,205.0,9.4,10.6,2.43,2.3,7.2,6.9,-0.3,,,,,,23.62,22.64,7.0,152.0,48.0,149.0,410.0,153.2,77.5
675.0,205.0,205.0,,,,,,,,,,,,,,,,,,,,,
676.0,205.0,205.0,,,,,,,,,,,,,,,,,,,,,
677.0,404.32,205.0,21.2,11.8,2.82,2.3,6.75,6.2,-0.55,,,,,,22.15,20.34,48.0,30.0,46.0,72.0,72.0,53.6,35.6
678.0,205.0,205.0,10.1,11.1,2.49,2.38,6.58,6.41,-0.17,,,,,,21.59,21.03,256.0,448.0,400.0,435.0,325.0,372.8,35.8
679.0,205.0,205.0,10.0,10.4,2.59,2.49,6.42,6.58,0.16,,,,,,21.06,21.59,77.0,62.0,485.0,349.0,105.0,215.6,65.7
680.0,205.0,205.0,10.0,10.3,2.39,2.36,6.85,6.97,0.12,,,,,,22.47,22.87,77.0,8.0,215.0,114.0,129.0,108.6,86.0
681.0,205.0,205.0,,,,,,,,,,,,,,,,,,,,,
682.0,205.0,205.0,9.4,10.7,2.46,2.47,7.13,6.46,-0.67,,,,,,23.39,21.19,7.0,153.0,71.0,424.0,505.0,232.0,62.5
683.0,205.0,205.0,9.4,10.7,2.85,2.72,7.65,7.03,-0.62,,,,,,25.1,23.06,7.0,153.0,4.0,90.0,498.0,150.4,78.0
684.0,404.32,205.0,21.1,11.3,2.88,2.72,6.65,6.66,0.01,,,,,,21.82,21.85,33.0,12.0,56.0,32.0,12.0,29.0,73.2
685.0,205.0,205.0,,,,,,,,,,,,,,,,,,,,,
686.0,205.0,205.0,10.2,11.1,2.43,2.35,6.63,6.48,-0.15,,,,,,21.75,21.26,420.0,448.0,395.0,406.0,309.0,395.6,31.5
687.0,205.0,205.0,10.4,11.7,2.73,2.65,5.91,5.55,-0.36,,,,,,19.39,18.21,546.0,537.0,515.0,516.0,429.0,508.6,10.0
688.0,205.0,205.0,9.3,10.8,2.58,2.47,6.92,6.4,-0.52,,,,,,22.7,21.0,1.0,169.0,165.0,445.0,481.0,252.2,58.7
689.0,205.0,205.0,10.1,10.9,2.46,2.38,6.64,6.53,-0.11,,,,,,21.78,21.42,256.0,210.0,370.0,375.0,263.0,294.8,50.6
690.0,205.0,205.0,10.0,10.4,2.34,2.75,6.97,7.18,0.21,,,,,,22.87,23.56,77.0,62.0,147.0,42.0,63.0,78.2,91.8
691.0,205.0,205.0,10.2,11.0,2.43,2.41,6.63,6.41,-0.22,,,,,,21.75,21.03,420.0,304.0,395.0,435.0,361.0,383.0,33.9
692.0,205.0,205.0,10.2,11.0,,,,,,,,,,,,,,,,,,,
693.0,205.0,205.0,,,,,,,,,,,,,,,,,,,,,
694.0,205.0,205.0,10.0,10.3,2.43,2.36,6.77,6.97,0.2,,,,,,22.21,22.87,77.0,8.0,281.0,114.0,80.0,112.0,85.3
695.0,404.32,205.0,20.3,11.1,2.34,2.32,6.77,6.54,-0.23,,,,,,22.21,21.46,5.0,4.0,44.0,46.0,38.0,27.4,75.6
696.0,205.0,205.0,,,,,,,,,,,,,,,,,,,,,
697.0,205.0,205.0,10.1,10.9,2.91,2.72,6.98,6.9,-0.08,,,,,,22.9,22.64,256.0,210.0,135.0,149.0,241.0,198.2,69.0
698.0,205.0,205.0,10.0,10.4,2.43,2.3,6.77,7.04,0.27,,,,,,22.21,23.1,77.0,62.0,281.0,85.0,37.0,108.4,86.0
699.0,205.0,205.0,10.0,10.3,2.34,2.32,6.97,7.05,0.08,,,,,,22.87,23.13,77.0,8.0,147.0,80.0,143.0,91.0,89.3
700.0,205.0,205.0,10.1,11.1,2.4,2.3,6.76,6.59,-0.17,,,,,,22.18,21.62,256.0,448.0,303.0,337.0,325.0,333.8,43.2
701.0,205.0,205.0,10.1,10.9,2.93,2.7,6.92,6.98,0.06,,,,,,22.7,22.9,256.0,210.0,165.0,107.0,160.0,179.6,72.5
702.0,205.0,205.0,9.4,10.9,2.37,2.3,7.35,6.71,-0.64,,,,,,24.11,22.01,7.0,210.0,22.0,271.0,502.0,202.4,68.2
703.0,205.0,205.0,10.1,11.0,2.93,2.3,6.92,6.65,-0.27,,,,,,22.7,21.82,256.0,304.0,165.0,298.0,392.0,283.0,52.9
704.0,205.0,205.0,,,,,,,,,,,,,,,,,,,,,
705.0,205.0,205.0,9.4,10.8,2.43,2.3,7.2,6.78,-0.42,,,,,,23.62,22.24,7.0,169.0,48.0,215.0,451.0,178.0,72.8
706.0,205.0,205.0,10.1,11.0,2.37,2.75,6.84,6.77,-0.07,,,,,,22.44,22.21,256.0,304.0,228.0,233.0,235.0,251.2,58.9
707.0,205.0,205.0,10.1,10.9,2.43,2.28,6.7,6.77,0.07,,,,,,21.98,22.21,256.0,210.0,326.0,233.0,151.0,235.2,61.9
708.0,404.32,205.0,21.1,11.2,,,,,,,,,,,,,,,,,,,
709.0,205.0,205.0,10.1,11.0,,,,,,,,,,,,,,,,,,,
710.0,205.0,205.0,10.0,10.4,,,,,,,,,,,,,,,,,,,
711.0,205.0,205.0,10.3,11.7,2.5,2.38,6.43,6.08,-0.35,,,,,,21.1,19.95,514.0,537.0,475.0,502.0,422.0,490.0,13.5
712.0,205.0,205.0,10.1,10.9,2.37,2.72,6.84,6.9,0.06,,,,,,22.44,22.64,256.0,210.0,228.0,149.0,160.0,200.6,68.5
713.0,205.0,205.0,10.1,11.2,,,,,,,,,,,,,,,,,,,
714.0,205.0,205.0,9.4,10.9,2.46,2.75,7.13,6.85,-0.28,,,,,,23.39,22.47,7.0,210.0,71.0,173.0,400.0,172.2,73.9
715.0,205.0,205.0,10.1,10.9,2.46,2.33,6.64,6.64,0.0,,,,,,21.78,21.78,256.0,210.0,370.0,316.0,182.0,266.8,55.9
716.0,205.0,205.0,9.4,10.9,2.53,2.37,6.98,6.54,-0.44,,,,,,22.9,21.46,7.0,210.0,135.0,367.0,461.0,236.0,61.8
717.0,205.0,205.0,10.0,10.3,2.88,2.75,7.11,7.24,0.13,,,,,,23.33,23.75,77.0,8.0,83.0,26.0,121.0,63.0,94.6
718.0,404.32,205.0,20.4,11.7,2.39,2.28,6.62,6.31,-0.31,,,,,,21.72,20.7,13.0,25.0,59.0,65.0,51.0,42.6,52.4
719.0,205.0,205.0,,,,,,,,,,,,,,,,,,,,,
720.0,205.0,205.0,10.0,10.3,2.46,2.28,6.7,7.17,0.47,,,,,,21.98,23.52,77.0,8.0,326.0,49.0,7.0,93.4,88.9
721.0,205.0,205.0,10.2,11.8,2.63,2.43,6.23,5.92,-0.31,,,,,,20.44,19.42,420.0,549.0,503.0,512.0,413.0,479.4,15.5
722.0,205.0,205.0,10.1,10.9,2.43,2.36,6.7,6.58,-0.12,,,,,,21.98,21.59,256.0,210.0,326.0,349.0,275.0,283.2,52.8
723.0,205.0,205.0,10.2,11.2,,,,,,,,,,,,,,,,,,,
724.0,205.0,205.0,,,,,,,,,,,,,,,,,,,,,
725.0,205.0,205.0,,,,,,,,,,,,,,,,,,,,,
726.0,205.0,205.0,10.2,11.2,2.93,2.7,6.85,6.77,-0.08,,,,,,22.47,22.21,420.0,521.0,215.0,233.0,241.0,326.0,44.7
727.0,205.0,205.0,9.4,10.8,2.55,2.32,6.91,6.72,-0.19,,,,,,22.67,22.05,7.0,169.0,173.0,260.0,344.0,190.6,70.4
728.0,404.32,205.0,21.4,12.7,,,,,,,,,,,,,,,,,,,
729.0,205.0,205.0,10.1,11.0,2.39,2.75,6.78,6.78,0.0,,,,,,22.24,22.24,256.0,304.0,273.0,215.0,182.0,246.0,59.9
730.0,205.0,205.0,10.0,10.3,2.46,2.38,6.7,6.91,0.21,,,,,,21.98,22.67,77.0,8.0,326.0,136.0,63.0,122.0,83.4
731.0,205.0,205.0,10.3,11.1,2.86,2.67,6.97,6.91,-0.06,,,,,,22.87,22.67,514.0,448.0,147.0,136.0,222.0,293.4,50.9
732.0,205.0,205.0,,,,,,,,,,,,,,,,,,,,,
733.0,205.0,205.0,,,,,,,,,,,,,,,,,,,,,
734.0,205.0,205.0,10.0,10.4,2.55,2.43,6.5,6.72,0.22,,,,,,21.33,22.05,77.0,62.0,435.0,260.0,58.0,178.4,72.7
735.0,205.0,205.0,10.0,10.4,2.46,2.38,6.7,6.84,0.14,,,,,,21.98,22.44,77.0,62.0,326.0,188.0,110.0,152.6,77.6
736.0,205.0,205.0,10.0,10.4,2.91,2.75,7.05,7.18,0.13,,,,,,23.13,23.56,77.0,62.0,103.0,42.0,121.0,81.0,91.2
737.0,205.0,205.0,9.4,10.8,2.34,2.28,7.41,6.83,-0.58,,,,,,24.31,22.41,7.0,169.0,14.0,204.0,491.0,177.0,73.0
738.0,205.0,205.0,10.3,11.1,2.93,2.27,6.79,6.67,-0.12,,,,,,22.28,21.88,514.0,448.0,265.0,290.0,275.0,358.4,38.5
739.0,205.0,205.0,10.0,10.4,,,,,,,,,,,,,,,,,,,
740.0,205.0,205.0,10.2,11.0,2.86,2.75,7.03,6.77,-0.26,,,,,,23.06,22.21,420.0,304.0,126.0,233.0,386.0,293.8,50.8
741.0,205.0,205.0,10.1,11.0,,,,,,,,,,,,,,,,,,,
742.0,205.0,205.0,9.4,10.8,2.43,2.38,7.2,6.59,-0.61,,,,,,23.62,21.62,7.0,169.0,48.0,337.0,496.0,211.4,66.5
743.0,404.32,205.0,21.3,11.9,,,,,,,,,,,,,,,,,,,
744.0,205.0,205.0,,,,,,,,,,,,,,,,,,,,,
745.0,205.0,205.0,,,,,,,,,,,,,,,,,,,,,
746.0,205.0,205.0,10.0,11.0,2.88,2.27,7.11,6.73,-0.38,,,,,,23.33,22.08,77.0,304.0,83.0,250.0,439.0,230.6,62.8
747.0,205.0,205.0,,,,,,,,,,,,,,,,,,,,,
748.0,404.32,205.0,20.1,11.1,2.39,2.28,6.72,6.65,-0.07,,,,,,22.05,21.82,1.0,4.0,51.0,33.0,16.0,21.0,85.4
749.0,205.0,205.0,10.0,11.0,,,,,,,,,,,,,,,,,,,
750.0,205.0,205.0,10.0,10.4,2.37,2.7,6.91,7.29,0.38,,,,,,22.67,23.92,77.0,62.0,173.0,22.0,13.0,69.4,93.4
751.0,205.0,205.0,,,,,,,,,,,,,,,,,,,,,
752.0,205.0,205.0,10.0,11.0,,,,,,,,,,,,,,,,,,,
753.0,205.0,205.0,10.2,11.1,,,,,,,,,,,,,,,,,,,
754.0,404.32,205.0,21.0,11.3,,,,,,,,,,,,,,,,,,,
755.0,205.0,205.0,10.0,11.0,2.46,2.3,6.7,6.65,-0.05,,,,,,21.98,21.82,77.0,304.0,326.0,298.0,214.0,243.8,60.3
756.0,205.0,205.0,10.2,11.1,,,,,,,,,,,,,,,,,,,
757.0,205.0,205.0,10.0,10.3,,,,,,,,,,,,,,,,,,,
758.0,205.0,205.0,11.0,11.2,2.72,2.58,6.84,7.08,0.24,,,,,,22.44,23.23,563.0,521.0,228.0,77.0,54.0,288.6,51.8
759.0,205.0,205.0,,,,,,,,,,,,,,,,,,,,,
760.0,205.0,205.0,,,,,,,,,,,,,,,,,,,,,
761.0,205.0,205.0,10.1,11.1,,,,,,,,,,,,,,,,,,,
762.0,205.0,205.0,10.2,11.1,2.43,2.33,6.63,6.52,-0.11,,,,,,21.75,21.39,420.0,448.0,395.0,393.0,263.0,383.8,33.7
763.0,205.0,205.0,,,,,,,,,,,,,,,,,,,,,
764.0,205.0,205.0,9.4,10.7,,,,,,,,,,,,,,,,,,,
765.0,205.0,205.0,10.2,11.0,,,,,,,,,,,,,,,,,,,
766.0,205.0,205.0,,,,,,,,,,,,,,,,,,,,,
767.0,205.0,205.0,,,,,,,,,,,,,,,,,,,,,
768.0,205.0,205.0,10.1,10.9,2.82,2.65,7.19,7.09,-0.1,,,,,,23.59,23.26,256.0,210.0,58.0,74.0,258.0,171.2,74.1
769.0,205.0,205.0,10.0,10.4,2.34,2.75,6.97,7.18,0.21,,,,,,22.87,23.56,77.0,62.0,147.0,42.0,63.0,78.2,91.8
770.0,404.32,205.0,21.2,11.9,2.91,2.7,6.56,6.37,-0.19,,,,,,21.52,20.9,48.0,48.0,63.0,60.0,32.0,50.2,40.8
771.0,205.0,205.0,,,,,,,,,,,,,,,,,,,,,
772.0,205.0,205.0,,,,,,,,,,,,,,,,,,,,,
773.0,205.0,205.0,9.4,10.8,2.34,2.72,7.41,6.97,-0.44,,,,,,24.31,22.87,7.0,169.0,14.0,114.0,461.0,153.0,77.5
774.0,205.0,205.0,10.1,11.1,,,,,,,,,,,,,,,,,,,
775.0,205.0,205.0,,,,,,,,,,,,,,,,,,,,,
776.0,205.0,205.0,,,,,,,,,,,,,,,,,,,,,
777.0,205.0,205.0,10.0,10.4,2.43,2.38,6.77,6.84,0.07,,,,,,22.21,22.44,77.0,62.0,281.0,188.0,151.0,151.8,77.8
778.0,205.0,205.0,10.1,10.9,,,,,,,,,,,,,,,,,,,
779.0,205.0,205.0,10.1,11.0,2.37,2.3,6.84,6.65,-0.19,,,,,,22.44,21.82,256.0,304.0,228.0,298.0,344.0,286.0,52.3
780.0,205.0,205.0,10.2,11.0,2.37,2.3,6.77,6.65,-0.12,,,,,,22.21,21.82,420.0,304.0,281.0,298.0,275.0,315.6,46.7
781.0,205.0,205.0,10.3,11.7,2.72,2.62,7.3,6.68,-0.62,,,,,,23.95,21.92,514.0,537.0,33.0,289.0,498.0,374.2,35.5
782.0,404.32,205.0,20.3,11.8,2.77,2.58,7.19,6.72,-0.47,,,,,,23.59,22.05,5.0,30.0,4.0,27.0,66.0,26.4,77.1
783.0,205.0,205.0,10.1,10.9,,,,,,,,,,,,,,,,,,,
784.0,205.0,205.0,10.0,11.0,2.49,2.27,6.64,6.73,0.09,,,,,,21.78,22.08,77.0,304.0,370.0,250.0,140.0,228.2,63.3
785.0,205.0,205.0,9.4,10.8,2.5,2.41,7.04,6.53,-0.51,,,,,,23.1,21.42,7.0,169.0,114.0,375.0,478.0,228.6,63.2
786.0,205.0,205.0,10.2,11.1,2.72,2.56,7.38,7.22,-0.16,,,,,,24.21,23.69,420.0,448.0,16.0,34.0,314.0,246.4,59.8
787.0,205.0,205.0,10.0,10.4,2.53,2.41,6.56,6.78,0.22,,,,,,21.52,22.24,77.0,62.0,418.0,215.0,58.0,166.0,75.1
788.0,205.0,205.0,10.3,11.1,2.91,2.63,6.85,7.02,0.17,,,,,,22.47,23.03,514.0,448.0,215.0,102.0,104.0,276.6,54.1
789.0,205.0,205.0,10.0,10.3,2.52,2.38,6.58,6.91,0.33,,,,,,21.59,22.67,77.0,8.0,400.0,136.0,21.0,128.4,82.2
790.0,205.0,205.0,,,,,,,,,,,,,,,,,,,,,
791.0,205.0,205.0,10.0,10.4,2.34,2.72,6.97,7.23,0.26,,,,,,22.87,23.72,77.0,62.0,147.0,29.0,46.0,72.2,92.9
792.0,205.0,205.0,10.2,11.0,2.34,2.3,6.83,6.65,-0.18,,,,,,22.41,21.82,420.0,304.0,245.0,298.0,336.0,320.6,45.7
793.0,205.0,205.0,9.4,10.8,2.43,2.41,7.2,6.53,-0.67,,,,,,23.62,21.42,7.0,169.0,48.0,375.0,505.0,220.8,64.7
794.0,205.0,205.0,10.1,11.0,,,,,,,,,,,,,,,,,,,
795.0,205.0,205.0,10.0,10.3,2.8,2.75,7.32,7.24,-0.08,,,,,,24.02,23.75,77.0,8.0,28.0,26.0,241.0,76.0,92.2
796.0,205.0,205.0,9.4,10.8,2.55,2.35,6.91,6.66,-0.25,,,,,,22.67,21.85,7.0,169.0,173.0,293.0,381.0,204.6,67.7
797.0,205.0,205.0,10.0,10.3,,,,,,,,,,,,,,,,,,,
798.0,205.0,205.0,10.1,11.0,,,,,,,,,,,,,,,,,,,
799.0,205.0,205.0,10.2,11.0,2.93,2.75,6.85,6.77,-0.08,,,,,,22.47,22.21,420.0,304.0,215.0,233.0,241.0,282.6,52.9
800.0,205.0,205.0,10.0,10.3,,,,,,,,,,,,,,,,,,,
801.0,205.0,205.0,10.0,10.3,2.91,2.7,7.05,7.36,0.31,,,,,,23.13,24.15,77.0,8.0,103.0,15.0,30.0,46.6,97.8
802.0,205.0,205.0,11.0,12.0,2.66,2.49,5.72,5.71,-0.01,,,,,,18.77,18.73,563.0,564.0,516.0,515.0,191.0,469.8,17.4
803.0,205.0,205.0,,,,,,,,,,,,,,,,,,,,,
804.0,205.0,205.0,10.1,10.9,2.46,2.36,6.64,6.58,-0.06,,,,,,21.78,21.59,256.0,210.0,370.0,349.0,222.0,281.4,53.2
805.0,205.0,205.0,9.4,10.7,2.46,2.38,7.13,6.65,-0.48,,,,,,23.39,21.82,7.0,153.0,71.0,298.0,473.0,200.4,68.5
806.0,205.0,205.0,10.1,11.0,2.39,2.32,6.78,6.6,-0.18,,,,,,22.24,21.65,256.0,304.0,273.0,325.0,336.0,298.8,49.9
807.0,205.0,205.0,10.0,10.4,2.46,2.43,6.7,6.72,0.02,,,,,,21.98,22.05,77.0,62.0,326.0,260.0,174.0,179.8,72.5
808.0,404.32,205.0,20.4,11.7,2.67,2.54,7.41,7.19,-0.22,,,,,,24.31,23.59,13.0,25.0,1.0,1.0,37.0,15.4,93.9
809.0,205.0,205.0,,,,,,,,,,,,,,,,,,,,,
810.0,404.32,,21.1,11.9,2.8,2.54,7.19,6.79,-0.4,,,,,,23.59,22.28,33.0,48.0,4.0,19.0,58.0,32.4,68.0
811.0,205.0,205.0,,,,,,,,,,,,,,,,,,,,,
812.0,205.0,205.0,10.0,10.4,2.53,2.3,6.86,7.04,0.18,,,,,,22.51,23.1,77.0,62.0,213.0,85.0,100.0,107.4,86.2
813.0,205.0,205.0,10.1,10.3,2.34,2.3,6.9,7.11,0.21,,,,,,22.64,23.33,256.0,8.0,201.0,62.0,63.0,118.0,84.2
814.0,404.32,205.0,22.1,12.2,,,,,,,,,,,,,,,,,,,
815.0,205.0,205.0,10.1,11.0,,,,,,,,,,,,,,,,,,,
816.0,205.0,205.0,9.4,10.8,2.92,2.75,7.48,7.19,-0.29,,,,,,24.54,23.59,7.0,169.0,9.0,41.0,409.0,127.0,82.5
,,,,,,,,,,,,,,,,,,,,,,,
,,,,,,,,,,,,,,,,,,,,,,,
,,,,,,,,,,,,,,,,,,,,,,,
,,,,,,,,,,,,,,,,,,,,,,,
,,,,,,,,,,,,,,,,,,,,,,,
,,,,,,,,,,,,,,,,,,,,,,,
,,,,,,,,,,,,,,,,,,,,,,,
,,,,,,,,,,,,,,,,,,,,,,,
,,,,,,,,,,,,,,,,,,,,,,,
,,,,,,,,,,,,,,,,,,,,,,,
,,,,,,,,,,,,,,,,,,,,,,,
,,,,,,,,,,,,,,,,,,,,,,,
,,,,,,,,,,,,,,,,,,,,,,,
,,,,,,,,,,,,,,,,,,,,,,,
,,,,,,,,,,,,,,,,,,,,,,,
,,,,,,,,,,,,,,,,,,,,,,,
,,,,,,,,,,,,,,,,,,,,,,,
,,,,,,,,,,,,,,,,,,,,,,,
,,,,,,,,,,,,,,,,,,,,,,,
,,,,,,,,,,,,,,,,,,,,,,,
,,,,,,,,,,,,,,,,,,,,,,,
,,,,,,,,,,,,,,,,,,,,,,,
,,,,,,,,,,,,,,,,,,,,,,,
,,,,,,,,,,,,,,,,,,,,,,,
,,,,,,,,,,,,,,,,,,,,,,,
,,,,,,,,,,,,,,,,,,,,,,,
,,,,,,,,,,,,,,,,,,,,,,,
,,,,,,,,,,,,,,,,,,,,,,,
,,,,,,,,,,,,,,,,,,,,,,,
,,,,,,,,,,,,,,,,,,,,,,,
,,,,,,,,,,,,,,,,,,,,,,,
,,,,,,,,,,,,,,,,,,,,,,,
,,,,,,,,,,,,,,,,,,,,,,,
,,,,,,,,,,,,,,,,,,,,,,,
,,,,,,,,,,,,,,,,,,,,,,,
,,,,,,,,,,,,,,,,,,,,,,,
,,,,,,,,,,,,,,,,,,,,,,,
,,,,,,,,,,,,,,,,,,,,,,,
,,,,,,,,,,,,,,,,,,,,,,,
,,,,,,,,,,,,,,,,,,,,,,,
,,,,,,,,,,,,,,,,,,,,,,,
,,,,,,,,,,,,,,,,,,,,,,,
,,,,,,,,,,,,,,,,,,,,,,,
,,,,,,,,,,,,,,,,,,,,,,,
,,,,,,,,,,,,,,,,,,,,,,,
,,,,,,,,,,,,,,,,,,,,,,,
,,,,,,,,,,,,,,,,,,,,,,,
,,,,,,,,,,,,,,,,,,,,,,,
,,,,,,,,,,,,,,,,,,,,,,,
,,,,,,,,,,,,,,,,,,,,,,,
,,,,,,,,,,,,,,,,,,,,,,,
,,,,,,,,,,,,,,,,,,,,,,,
,,,,,,,,,,,,,,,,,,,,,,,
,,,,,,,,,,,,,,,,,,,,,,,
,,,,,,,,,,,,,,,,,,,,,,,
,,,,,,,,,,,,,,,,,,,,,,,
,,,,,,,,,,,,,,,,,,,,,,,
,,,,,,,,,,,,,,,,,,,,,,,
,,,,,,,,,,,,,,,,,,,,,,,
,,,,,,,,,,,,,,,,,,,,,,,
,,,,,,,,,,,,,,,,,,,,,,,
,,,,,,,,,,,,,,,,,,,,,,,
,,,,,,,,,,,,,,,,,,,,,,,
,,,,,,,,,,,,,,,,,,,,,,,
,,,,,,,,,,,,,,,,,,,,,,,
,,,,,,,,,,,,,,,,,,,,,,,
,,,,,,,,,,,,,,,,,,,,,,,
,,,,,,,,,,,,,,,,,,,,,,,
,,,,,,,,,,,,,,,,,,,,,,,
,,,,,,,,,,,,,,,,,,,,,,,
,,,,,,,,,,,,,,,,,,,,,,,
,,,,,,,,,,,,,,,,,,,,,,,
,,,,,,,,,,,,,,,,,,,,,,,
,,,,,,,,,,,,,,,,,,,,,,,
,,,,,,,,,,,,,,,,,,,,,,,
,,,,,,,,,,,,,,,,,,,,,,,
,,,,,,,,,,,,,,,,,,,,,,,
,,,,,,,,,,,,,,,,,,,,,,,
,,,,,,,,,,,,,,,,,,,,,,,
,,,,,,,,,,,,,,,,,,,,,,,
,,,,,,,,,,,,,,,,,,,,,,,
,,,,,,,,,,,,,,,,,,,,,,,
,,,,,,,,,,,,,,,,,,,,,,,
,,,,,,,,,,,,,,,,,,,,,,,
,,,,,,,,,,,,,,,,,,,,,,,
,,,,,,,,,,,,,,,,,,,,,,,
,,,,,,,,,,,,,,,,,,,,,,,
,,,,,,,,,,,,,,,,,,,,,,,
,,,,,,,,,,,,,,,,,,,,,,,
,,,,,,,,,,,,,,,,,,,,,,,
,,,,,,,,,,,,,,,,,,,,,,,
,,,,,,,,,,,,,,,,,,,,,,,
,,,,,,,,,,,,,,,,,,,,,,,
,,,,,,,,,,,,,,,,,,,,,,,
,,,,,,,,,,,,,,,,,,,,,,,
,,,,,,,,,,,,,,,,,,,,,,,
,,,,,,,,,,,,,,,,,,,,,,,
,,,,,,,,,,,,,,,,,,,,,,,
,,,,,,,,,,,,,,,,,,,,,,,
,,,,,,,,,,,,,,,,,,,,,,,
,,,,,,,,,,,,,,,,,,,,,,,
,,,,,,,,,,,,,,,,,,,,,,,
,,,,,,,,,,,,,,,,,,,,,,,
,,,,,,,,,,,,,,,,,,,,,,,
,,,,,,,,,,,,,,,,,,,,,,,
,,,,,,,,,,,,,,,,,,,,,,,
,,,,,,,,,,,,,,,,,,,,,,,
,,,,,,,,,,,,,,,,,,,,,,,
,,,,,,,,,,,,,,,,,,,,,,,
,,,,,,,,,,,,,,,,,,,,,,,
,,,,,,,,,,,,,,,,,,,,,,,
,,,,,,,,,,,,,,,,,,,,,,,
,,,,,,,,,,,,,,,,,,,,,,,
,,,,,,,,,,,,,,,,,,,,,,,
,,,,,,,,,,,,,,,,,,,,,,,
,,,,,,,,,,,,,,,,,,,,,,,
,,,,,,,,,,,,,,,,,,,,,,,
,,,,,,,,,,,,,,,,,,,,,,,
,,,,,,,,,,,,,,,,,,,,,,,
,,,,,,,,,,,,,,,,,,,,,,,
,,,,,,,,,,,,,,,,,,,,,,,
,,,,,,,,,,,,,,,,,,,,,,,
,,,,,,,,,,,,,,,,,,,,,,,
,,,,,,,,,,,,,,,,,,,,,,,
,,,,,,,,,,,,,,,,,,,,,,,
,,,,,,,,,,,,,,,,,,,,,,,
,,,,,,,,,,,,,,,,,,,,,,,
,,,,,,,,,,,,,,,,,,,,,,,
,,,,,,,,,,,,,,,,,,,,,,,
,,,,,,,,,,,,,,,,,,,,,,,
,,,,,,,,,,,,,,,,,,,,,,,
,,,,,,,,,,,,,,,,,,,,,,,
,,,,,,,,,,,,,,,,,,,,,,,
,,,,,,,,,,,,,,,,,,,,,,,
,,,,,,,,,,,,,,,,,,,,,,,
,,,,,,,,,,,,,,,,,,,,,,,
,,,,,,,,,,,,,,,,,,,,,,,
,,,,,,,,,,,,,,,,,,,,,,,
,,,,,,,,,,,,,,,,,,,,,,,
,,,,,,,,,,,,,,,,,,,,,,,
,,,,,,,,,,,,,,,,,,,,,,,
,,,,,,,,,,,,,,,,,,,,,,,
,,,,,,,,,,,,,,,,,,,,,,,
,,,,,,,,,,,,,,,,,,,,,,,
,,,,,,,,,,,,,,,,,,,,,,,
,,,,,,,,,,,,,,,,,,,,,,,
,,,,,,,,,,,,,,,,,,,,,,,
,,,,,,,,,,,,,,,,,,,,,,,
,,,,,,,,,,,,,,,,,,,,,,,
,,,,,,,,,,,,,,,,,,,,,,,
